mean_fit_time,std_fit_time,mean_score_time,std_score_time,param_entry_z,param_exit_z,param_long_window,param_max_position_pct,param_short_window,param_volatility_cap,params,split0_test_score,split1_test_score,split2_test_score,mean_test_score,std_test_score,rank_test_score
0.0008324782053629557,0.00032743105609336047,0.009496847788492838,0.006026416316621038,1.2,0.3,40,0.7,15,0.1,"{'entry_z': 1.2, 'exit_z': 0.3, 'long_window': 40, 'max_position_pct': 0.7, 'short_window': 15, 'volatility_cap': 0.1}",,,,,,1
0.0004371802012125651,3.0393355918219398e-05,0.044567108154296875,0.045009308080699355,1.2,0.3,40,0.7,15,0.12,"{'entry_z': 1.2, 'exit_z': 0.3, 'long_window': 40, 'max_position_pct': 0.7, 'short_window': 15, 'volatility_cap': 0.12}",,,,,,1
0.0006491343180338541,0.0002611932088184617,0.011264880498250326,0.003260253807754124,1.2,0.3,40,0.7,20,0.1,"{'entry_z': 1.2, 'exit_z': 0.3, 'long_window': 40, 'max_position_pct': 0.7, 'short_window': 20, 'volatility_cap': 0.1}",,,,,,1
0.0005511442820231119,0.00010713926009718441,0.03888042767842611,0.013414979917404597,1.2,0.3,40,0.7,20,0.12,"{'entry_z': 1.2, 'exit_z': 0.3, 'long_window': 40, 'max_position_pct': 0.7, 'short_window': 20, 'volatility_cap': 0.12}",,,,,,1
0.0005458990732828776,9.036165497993473e-05,0.017405271530151367,0.0028228347430031475,1.2,0.3,40,0.7,25,0.1,"{'entry_z': 1.2, 'exit_z': 0.3, 'long_window': 40, 'max_position_pct': 0.7, 'short_window': 25, 'volatility_cap': 0.1}",,,,,,1
0.0004305839538574219,0.00017150578246614978,0.0075037479400634766,0.00472854511057719,1.2,0.3,40,0.7,25,0.12,"{'entry_z': 1.2, 'exit_z': 0.3, 'long_window': 40, 'max_position_pct': 0.7, 'short_window': 25, 'volatility_cap': 0.12}",,,,,,1
0.0006670951843261719,0.0003876932913636596,0.005962371826171875,0.003520144237504947,1.2,0.3,40,0.8,15,0.1,"{'entry_z': 1.2, 'exit_z': 0.3, 'long_window': 40, 'max_position_pct': 0.8, 'short_window': 15, 'volatility_cap': 0.1}",,,,,,1
0.00045307477315266925,0.00014622924120299565,0.0035181045532226562,0.001141731902190428,1.2,0.3,40,0.8,15,0.12,"{'entry_z': 1.2, 'exit_z': 0.3, 'long_window': 40, 'max_position_pct': 0.8, 'short_window': 15, 'volatility_cap': 0.12}",,,,,,1
0.0004314581553141276,0.00014652554057223427,0.003969748814900716,0.0015302135363652895,1.2,0.3,40,0.8,20,0.1,"{'entry_z': 1.2, 'exit_z': 0.3, 'long_window': 40, 'max_position_pct': 0.8, 'short_window': 20, 'volatility_cap': 0.1}",,,,,,1
0.0004047552744547526,0.00012224532742277652,0.003287156422932943,0.0015169528856589685,1.2,0.3,40,0.8,20,0.12,"{'entry_z': 1.2, 'exit_z': 0.3, 'long_window': 40, 'max_position_pct': 0.8, 'short_window': 20, 'volatility_cap': 0.12}",,,,,,1
0.0003494421641031901,6.188798101984022e-05,0.0017635822296142578,0.00028936204636680117,1.2,0.3,40,0.8,25,0.1,"{'entry_z': 1.2, 'exit_z': 0.3, 'long_window': 40, 'max_position_pct': 0.8, 'short_window': 25, 'volatility_cap': 0.1}",,,,,,1
0.0008580684661865234,0.0007050436080866989,0.002209266026814779,0.00043459473006874527,1.2,0.3,40,0.8,25,0.12,"{'entry_z': 1.2, 'exit_z': 0.3, 'long_window': 40, 'max_position_pct': 0.8, 'short_window': 25, 'volatility_cap': 0.12}",,,,,,1
0.00044306119283040363,0.0001508331649226884,0.0022260348002115884,0.0012115630762580677,1.2,0.3,50,0.7,15,0.1,"{'entry_z': 1.2, 'exit_z': 0.3, 'long_window': 50, 'max_position_pct': 0.7, 'short_window': 15, 'volatility_cap': 0.1}",,,,,,1
0.00037439664204915363,0.00010008514222774324,0.0021346410115559897,0.0004711151257110402,1.2,0.3,50,0.7,15,0.12,"{'entry_z': 1.2, 'exit_z': 0.3, 'long_window': 50, 'max_position_pct': 0.7, 'short_window': 15, 'volatility_cap': 0.12}",,,,,,1
0.00042899449666341144,4.9552204320113965e-05,0.0015714963277180989,0.0002248759802675092,1.2,0.3,50,0.7,20,0.1,"{'entry_z': 1.2, 'exit_z': 0.3, 'long_window': 50, 'max_position_pct': 0.7, 'short_window': 20, 'volatility_cap': 0.1}",,,,,,1
0.00042176246643066406,8.252934105358977e-05,0.0016963481903076172,0.0002670435674312582,1.2,0.3,50,0.7,20,0.12,"{'entry_z': 1.2, 'exit_z': 0.3, 'long_window': 50, 'max_position_pct': 0.7, 'short_window': 20, 'volatility_cap': 0.12}",,,,,,1
0.0004725456237792969,0.00014558820559120984,0.0020691553751627603,0.0005869363875610906,1.2,0.3,50,0.7,25,0.1,"{'entry_z': 1.2, 'exit_z': 0.3, 'long_window': 50, 'max_position_pct': 0.7, 'short_window': 25, 'volatility_cap': 0.1}",,,,,,1
0.0004069010416666667,6.437429183512668e-05,0.0015209515889485676,3.805463928049776e-05,1.2,0.3,50,0.7,25,0.12,"{'entry_z': 1.2, 'exit_z': 0.3, 'long_window': 50, 'max_position_pct': 0.7, 'short_window': 25, 'volatility_cap': 0.12}",,,,,,1
0.00038162867228190106,9.441221869571088e-05,0.0016453266143798828,0.0003753005815361937,1.2,0.3,50,0.8,15,0.1,"{'entry_z': 1.2, 'exit_z': 0.3, 'long_window': 50, 'max_position_pct': 0.8, 'short_window': 15, 'volatility_cap': 0.1}",,,,,,1
0.00043662389119466144,9.841044345621855e-05,0.002790689468383789,0.0014130289517935643,1.2,0.3,50,0.8,15,0.12,"{'entry_z': 1.2, 'exit_z': 0.3, 'long_window': 50, 'max_position_pct': 0.8, 'short_window': 15, 'volatility_cap': 0.12}",,,,,,1
0.00046515464782714844,0.00013063307648454028,0.001974900563557943,0.000382126418428662,1.2,0.3,50,0.8,20,0.1,"{'entry_z': 1.2, 'exit_z': 0.3, 'long_window': 50, 'max_position_pct': 0.8, 'short_window': 20, 'volatility_cap': 0.1}",,,,,,1
0.0005413691202799479,0.00025167979364096907,0.0014887650807698567,5.618736801252563e-05,1.2,0.3,50,0.8,20,0.12,"{'entry_z': 1.2, 'exit_z': 0.3, 'long_window': 50, 'max_position_pct': 0.8, 'short_window': 20, 'volatility_cap': 0.12}",,,,,,1
0.0006428559621175131,0.00016999298563463597,0.002737919489542643,0.00139928443407951,1.2,0.3,50,0.8,25,0.1,"{'entry_z': 1.2, 'exit_z': 0.3, 'long_window': 50, 'max_position_pct': 0.8, 'short_window': 25, 'volatility_cap': 0.1}",,,,,,1
0.0005040168762207031,0.0001834433306175197,0.0018231868743896484,0.0003589491279016619,1.2,0.3,50,0.8,25,0.12,"{'entry_z': 1.2, 'exit_z': 0.3, 'long_window': 50, 'max_position_pct': 0.8, 'short_window': 25, 'volatility_cap': 0.12}",,,,,,1
0.0005119641621907552,0.00029444262295054706,0.0013906160990397136,6.442195695965022e-05,1.2,0.3,60,0.7,15,0.1,"{'entry_z': 1.2, 'exit_z': 0.3, 'long_window': 60, 'max_position_pct': 0.7, 'short_window': 15, 'volatility_cap': 0.1}",,,,,,1
0.0005309581756591797,0.00018463585899952315,0.0017420450846354167,0.0003206937772149061,1.2,0.3,60,0.7,15,0.12,"{'entry_z': 1.2, 'exit_z': 0.3, 'long_window': 60, 'max_position_pct': 0.7, 'short_window': 15, 'volatility_cap': 0.12}",,,,,,1
0.00041961669921875,0.0001322242585450702,0.0015532175699869792,0.000202694247218742,1.2,0.3,60,0.7,20,0.1,"{'entry_z': 1.2, 'exit_z': 0.3, 'long_window': 60, 'max_position_pct': 0.7, 'short_window': 20, 'volatility_cap': 0.1}",,,,,,1
0.0003275871276855469,6.286147469746876e-05,0.0013985633850097656,4.5465283228711954e-05,1.2,0.3,60,0.7,20,0.12,"{'entry_z': 1.2, 'exit_z': 0.3, 'long_window': 60, 'max_position_pct': 0.7, 'short_window': 20, 'volatility_cap': 0.12}",,,,,,1
0.0006136099497477213,0.00026899000268349686,0.001721779505411784,0.0006607475835152158,1.2,0.3,60,0.7,25,0.1,"{'entry_z': 1.2, 'exit_z': 0.3, 'long_window': 60, 'max_position_pct': 0.7, 'short_window': 25, 'volatility_cap': 0.1}",,,,,,1
0.0004057884216308594,0.00010845573548909055,0.0033060709635416665,0.0027011763880217137,1.2,0.3,60,0.7,25,0.12,"{'entry_z': 1.2, 'exit_z': 0.3, 'long_window': 60, 'max_position_pct': 0.7, 'short_window': 25, 'volatility_cap': 0.12}",,,,,,1
0.000390926996866862,0.0001135720831668805,0.0014657974243164062,9.448597775650662e-05,1.2,0.3,60,0.8,15,0.1,"{'entry_z': 1.2, 'exit_z': 0.3, 'long_window': 60, 'max_position_pct': 0.8, 'short_window': 15, 'volatility_cap': 0.1}",,,,,,1
0.00029214223225911457,1.6759919816884487e-05,0.0015077590942382812,0.00016013365125653445,1.2,0.3,60,0.8,15,0.12,"{'entry_z': 1.2, 'exit_z': 0.3, 'long_window': 60, 'max_position_pct': 0.8, 'short_window': 15, 'volatility_cap': 0.12}",,,,,,1
0.0002544720967610677,5.268037611381706e-06,0.0014055569966634114,0.00011678882173878763,1.2,0.3,60,0.8,20,0.1,"{'entry_z': 1.2, 'exit_z': 0.3, 'long_window': 60, 'max_position_pct': 0.8, 'short_window': 20, 'volatility_cap': 0.1}",,,,,,1
0.00033783912658691406,3.937300749462703e-05,0.001705487569173177,0.00029027657559323823,1.2,0.3,60,0.8,20,0.12,"{'entry_z': 1.2, 'exit_z': 0.3, 'long_window': 60, 'max_position_pct': 0.8, 'short_window': 20, 'volatility_cap': 0.12}",,,,,,1
0.0003448327382405599,7.113358141682832e-05,0.0014830430348714192,5.7963452721910924e-05,1.2,0.3,60,0.8,25,0.1,"{'entry_z': 1.2, 'exit_z': 0.3, 'long_window': 60, 'max_position_pct': 0.8, 'short_window': 25, 'volatility_cap': 0.1}",,,,,,1
0.00039728482564290363,0.00014851319350335897,0.0020765463511149087,0.0006845148221004325,1.2,0.3,60,0.8,25,0.12,"{'entry_z': 1.2, 'exit_z': 0.3, 'long_window': 60, 'max_position_pct': 0.8, 'short_window': 25, 'volatility_cap': 0.12}",,,,,,1
0.0005780061086018881,0.000267214464557917,0.0036382675170898438,0.0013810094986634045,1.2,0.4,40,0.7,15,0.1,"{'entry_z': 1.2, 'exit_z': 0.4, 'long_window': 40, 'max_position_pct': 0.7, 'short_window': 15, 'volatility_cap': 0.1}",,,,,,1
0.00040642420450846356,4.575828906113552e-05,0.003277381261189779,0.000997406419761487,1.2,0.4,40,0.7,15,0.12,"{'entry_z': 1.2, 'exit_z': 0.4, 'long_window': 40, 'max_position_pct': 0.7, 'short_window': 15, 'volatility_cap': 0.12}",,,,,,1
0.0003573099772135417,3.299109759624611e-05,0.0019185543060302734,0.0004179449810320247,1.2,0.4,40,0.7,20,0.1,"{'entry_z': 1.2, 'exit_z': 0.4, 'long_window': 40, 'max_position_pct': 0.7, 'short_window': 20, 'volatility_cap': 0.1}",,,,,,1
0.00041111310323079425,8.62632407188987e-05,0.0024438699086507163,0.0005895240379222543,1.2,0.4,40,0.7,20,0.12,"{'entry_z': 1.2, 'exit_z': 0.4, 'long_window': 40, 'max_position_pct': 0.7, 'short_window': 20, 'volatility_cap': 0.12}",,,,,,1
0.0003864765167236328,5.569136841105613e-05,0.003644069035847982,0.0010620539181237986,1.2,0.4,40,0.7,25,0.1,"{'entry_z': 1.2, 'exit_z': 0.4, 'long_window': 40, 'max_position_pct': 0.7, 'short_window': 25, 'volatility_cap': 0.1}",,,,,,1
0.0005181630452473959,0.00015449748770198795,0.004170417785644531,0.0026687005623141523,1.2,0.4,40,0.7,25,0.12,"{'entry_z': 1.2, 'exit_z': 0.4, 'long_window': 40, 'max_position_pct': 0.7, 'short_window': 25, 'volatility_cap': 0.12}",,,,,,1
0.00036708513895670575,4.440492253472093e-05,0.009942293167114258,0.005079193412502542,1.2,0.4,40,0.8,15,0.1,"{'entry_z': 1.2, 'exit_z': 0.4, 'long_window': 40, 'max_position_pct': 0.8, 'short_window': 15, 'volatility_cap': 0.1}",,,,,,1
0.00042510032653808594,6.763948115140295e-05,0.005823771158854167,0.0024611649967739724,1.2,0.4,40,0.8,15,0.12,"{'entry_z': 1.2, 'exit_z': 0.4, 'long_window': 40, 'max_position_pct': 0.8, 'short_window': 15, 'volatility_cap': 0.12}",,,,,,1
0.00030422210693359375,5.074937947756665e-05,0.006719509760538737,0.0015717019815343126,1.2,0.4,40,0.8,20,0.1,"{'entry_z': 1.2, 'exit_z': 0.4, 'long_window': 40, 'max_position_pct': 0.8, 'short_window': 20, 'volatility_cap': 0.1}",,,,,,1
0.0004342397054036458,0.00010943565723104892,0.009091615676879883,0.001864714400082304,1.2,0.4,40,0.8,20,0.12,"{'entry_z': 1.2, 'exit_z': 0.4, 'long_window': 40, 'max_position_pct': 0.8, 'short_window': 20, 'volatility_cap': 0.12}",,,,,,1
0.0005334218343098959,0.00026966440047918966,0.010250171025594076,0.005817677764580279,1.2,0.4,40,0.8,25,0.1,"{'entry_z': 1.2, 'exit_z': 0.4, 'long_window': 40, 'max_position_pct': 0.8, 'short_window': 25, 'volatility_cap': 0.1}",,,,,,1
0.00036398569742838543,1.4221867534807546e-05,0.006289164225260417,0.003204178529811416,1.2,0.4,40,0.8,25,0.12,"{'entry_z': 1.2, 'exit_z': 0.4, 'long_window': 40, 'max_position_pct': 0.8, 'short_window': 25, 'volatility_cap': 0.12}",,,,,,1
0.0004684130350748698,4.205969237205352e-05,0.002941608428955078,0.0003137110781994439,1.2,0.4,50,0.7,15,0.1,"{'entry_z': 1.2, 'exit_z': 0.4, 'long_window': 50, 'max_position_pct': 0.7, 'short_window': 15, 'volatility_cap': 0.1}",,,,,,1
0.00044655799865722656,0.00011612053638535504,0.00314180056254069,0.0008793199636822874,1.2,0.4,50,0.7,15,0.12,"{'entry_z': 1.2, 'exit_z': 0.4, 'long_window': 50, 'max_position_pct': 0.7, 'short_window': 15, 'volatility_cap': 0.12}",,,,,,1
0.00046626726786295575,8.714024209620724e-05,0.004499753316243489,0.0027195361117834,1.2,0.4,50,0.7,20,0.1,"{'entry_z': 1.2, 'exit_z': 0.4, 'long_window': 50, 'max_position_pct': 0.7, 'short_window': 20, 'volatility_cap': 0.1}",,,,,,1
0.0003383954366048177,6.416644794913832e-05,0.011948108673095703,0.0011960933794239528,1.2,0.4,50,0.7,20,0.12,"{'entry_z': 1.2, 'exit_z': 0.4, 'long_window': 50, 'max_position_pct': 0.7, 'short_window': 20, 'volatility_cap': 0.12}",,,,,,1
0.000345150629679362,3.0982390133219806e-05,0.007318655649820964,0.004184480102372117,1.2,0.4,50,0.7,25,0.1,"{'entry_z': 1.2, 'exit_z': 0.4, 'long_window': 50, 'max_position_pct': 0.7, 'short_window': 25, 'volatility_cap': 0.1}",,,,,,1
0.0005061626434326172,6.69496464488425e-05,0.008199532826741537,0.004125470169748671,1.2,0.4,50,0.7,25,0.12,"{'entry_z': 1.2, 'exit_z': 0.4, 'long_window': 50, 'max_position_pct': 0.7, 'short_window': 25, 'volatility_cap': 0.12}",,,,,,1
0.0006060600280761719,0.00023377595164820116,0.009911537170410156,0.005848012347228712,1.2,0.4,50,0.8,15,0.1,"{'entry_z': 1.2, 'exit_z': 0.4, 'long_window': 50, 'max_position_pct': 0.8, 'short_window': 15, 'volatility_cap': 0.1}",,,,,,1
0.0005663235982259115,0.00014858181747485417,0.008059024810791016,0.000334353702167982,1.2,0.4,50,0.8,15,0.12,"{'entry_z': 1.2, 'exit_z': 0.4, 'long_window': 50, 'max_position_pct': 0.8, 'short_window': 15, 'volatility_cap': 0.12}",,,,,,1
0.0003883838653564453,8.067172512193328e-05,0.009661118189493815,0.0034614287456017894,1.2,0.4,50,0.8,20,0.1,"{'entry_z': 1.2, 'exit_z': 0.4, 'long_window': 50, 'max_position_pct': 0.8, 'short_window': 20, 'volatility_cap': 0.1}",,,,,,1
0.0005521774291992188,4.238087244458061e-05,0.009211858113606771,0.002222105432491313,1.2,0.4,50,0.8,20,0.12,"{'entry_z': 1.2, 'exit_z': 0.4, 'long_window': 50, 'max_position_pct': 0.8, 'short_window': 20, 'volatility_cap': 0.12}",,,,,,1
0.0007279713948567709,0.0002856538047727476,0.009320259094238281,0.0031182372178967526,1.2,0.4,50,0.8,25,0.1,"{'entry_z': 1.2, 'exit_z': 0.4, 'long_window': 50, 'max_position_pct': 0.8, 'short_window': 25, 'volatility_cap': 0.1}",,,,,,1
0.00042812029520670575,3.281083957885586e-05,0.006062904993693034,0.003417115842220237,1.2,0.4,50,0.8,25,0.12,"{'entry_z': 1.2, 'exit_z': 0.4, 'long_window': 50, 'max_position_pct': 0.8, 'short_window': 25, 'volatility_cap': 0.12}",,,,,,1
0.0003971258799235026,4.496633114189296e-05,0.0016571680704752605,0.0004557906591889415,1.2,0.4,60,0.7,15,0.1,"{'entry_z': 1.2, 'exit_z': 0.4, 'long_window': 60, 'max_position_pct': 0.7, 'short_window': 15, 'volatility_cap': 0.1}",,,,,,1
0.00036756197611490887,7.963069501294263e-05,0.0014638900756835938,0.0001386531987658896,1.2,0.4,60,0.7,15,0.12,"{'entry_z': 1.2, 'exit_z': 0.4, 'long_window': 60, 'max_position_pct': 0.7, 'short_window': 15, 'volatility_cap': 0.12}",,,,,,1
0.00047461191813151043,0.00016180904532931458,0.0012745062510172527,0.0002102639508835945,1.2,0.4,60,0.7,20,0.1,"{'entry_z': 1.2, 'exit_z': 0.4, 'long_window': 60, 'max_position_pct': 0.7, 'short_window': 20, 'volatility_cap': 0.1}",,,,,,1
0.00039116541544596356,7.884084208018574e-05,0.0030364990234375,0.002495846835403434,1.2,0.4,60,0.7,20,0.12,"{'entry_z': 1.2, 'exit_z': 0.4, 'long_window': 60, 'max_position_pct': 0.7, 'short_window': 20, 'volatility_cap': 0.12}",,,,,,1
0.00044767061869303387,0.00011725966623054635,0.004915157953898112,0.002383333247133193,1.2,0.4,60,0.7,25,0.1,"{'entry_z': 1.2, 'exit_z': 0.4, 'long_window': 60, 'max_position_pct': 0.7, 'short_window': 25, 'volatility_cap': 0.1}",,,,,,1
0.0003432432810465495,2.0314917002053544e-05,0.006960471471150716,0.0025685214535643617,1.2,0.4,60,0.7,25,0.12,"{'entry_z': 1.2, 'exit_z': 0.4, 'long_window': 60, 'max_position_pct': 0.7, 'short_window': 25, 'volatility_cap': 0.12}",,,,,,1
0.00029595692952473957,5.239220775121719e-05,0.004751443862915039,0.0024476311206831445,1.2,0.4,60,0.8,15,0.1,"{'entry_z': 1.2, 'exit_z': 0.4, 'long_window': 60, 'max_position_pct': 0.8, 'short_window': 15, 'volatility_cap': 0.1}",,,,,,1
0.00032265981038411457,3.349891806325028e-05,0.0043591658274332685,0.0011260262274879421,1.2,0.4,60,0.8,15,0.12,"{'entry_z': 1.2, 'exit_z': 0.4, 'long_window': 60, 'max_position_pct': 0.8, 'short_window': 15, 'volatility_cap': 0.12}",,,,,,1
0.00035691261291503906,9.139012591997462e-05,0.0066445668538411455,0.004646196056245924,1.2,0.4,60,0.8,20,0.1,"{'entry_z': 1.2, 'exit_z': 0.4, 'long_window': 60, 'max_position_pct': 0.8, 'short_window': 20, 'volatility_cap': 0.1}",,,,,,1
0.0004439353942871094,4.4177618124645226e-05,0.008669614791870117,0.00177518479570844,1.2,0.4,60,0.8,20,0.12,"{'entry_z': 1.2, 'exit_z': 0.4, 'long_window': 60, 'max_position_pct': 0.8, 'short_window': 20, 'volatility_cap': 0.12}",,,,,,1
0.0003490447998046875,3.383584418141872e-05,0.011502583821614584,0.004439038623884467,1.2,0.4,60,0.8,25,0.1,"{'entry_z': 1.2, 'exit_z': 0.4, 'long_window': 60, 'max_position_pct': 0.8, 'short_window': 25, 'volatility_cap': 0.1}",,,,,,1
0.0005637009938557943,0.00024619396426826573,0.006468137105305989,0.0009545112818092369,1.2,0.4,60,0.8,25,0.12,"{'entry_z': 1.2, 'exit_z': 0.4, 'long_window': 60, 'max_position_pct': 0.8, 'short_window': 25, 'volatility_cap': 0.12}",,,,,,1
0.00032019615173339844,9.333917361286834e-06,0.007892370223999023,0.002403044005054568,1.2,0.5,40,0.7,15,0.1,"{'entry_z': 1.2, 'exit_z': 0.5, 'long_window': 40, 'max_position_pct': 0.7, 'short_window': 15, 'volatility_cap': 0.1}",,,,,,1
0.0004271666208902995,0.00011998312180837626,0.005532264709472656,0.0009405601160600481,1.2,0.5,40,0.7,15,0.12,"{'entry_z': 1.2, 'exit_z': 0.5, 'long_window': 40, 'max_position_pct': 0.7, 'short_window': 15, 'volatility_cap': 0.12}",,,,,,1
0.00040467580159505207,4.894431412447827e-05,0.0058260758717854815,0.0024089686466689606,1.2,0.5,40,0.7,20,0.1,"{'entry_z': 1.2, 'exit_z': 0.5, 'long_window': 40, 'max_position_pct': 0.7, 'short_window': 20, 'volatility_cap': 0.1}",,,,,,1
0.00034197171529134113,5.7996786151714804e-05,0.004207928975423177,0.0012509553818277487,1.2,0.5,40,0.7,20,0.12,"{'entry_z': 1.2, 'exit_z': 0.5, 'long_window': 40, 'max_position_pct': 0.7, 'short_window': 20, 'volatility_cap': 0.12}",,,,,,1
0.00035421053568522137,0.00012842322330689697,0.00968496004740397,0.0028075692802179645,1.2,0.5,40,0.7,25,0.1,"{'entry_z': 1.2, 'exit_z': 0.5, 'long_window': 40, 'max_position_pct': 0.7, 'short_window': 25, 'volatility_cap': 0.1}",,,,,,1
0.0003465016682942708,7.414072448348573e-05,0.006980419158935547,0.0029628972452120507,1.2,0.5,40,0.7,25,0.12,"{'entry_z': 1.2, 'exit_z': 0.5, 'long_window': 40, 'max_position_pct': 0.7, 'short_window': 25, 'volatility_cap': 0.12}",,,,,,1
0.000629583994547526,0.00018603681527983224,0.004265228907267253,0.0021373562593608184,1.2,0.5,40,0.8,15,0.1,"{'entry_z': 1.2, 'exit_z': 0.5, 'long_window': 40, 'max_position_pct': 0.8, 'short_window': 15, 'volatility_cap': 0.1}",,,,,,1
0.00038560231526692707,2.4597845072796485e-05,0.010050455729166666,0.006069237813166402,1.2,0.5,40,0.8,15,0.12,"{'entry_z': 1.2, 'exit_z': 0.5, 'long_window': 40, 'max_position_pct': 0.8, 'short_window': 15, 'volatility_cap': 0.12}",,,,,,1
0.0007550716400146484,0.00045432810718726367,0.0128938357035319,0.00464341358144862,1.2,0.5,40,0.8,20,0.1,"{'entry_z': 1.2, 'exit_z': 0.5, 'long_window': 40, 'max_position_pct': 0.8, 'short_window': 20, 'volatility_cap': 0.1}",,,,,,1
0.000560601552327474,0.0002875593180934392,0.012676636377970377,0.00470161097179089,1.2,0.5,40,0.8,20,0.12,"{'entry_z': 1.2, 'exit_z': 0.5, 'long_window': 40, 'max_position_pct': 0.8, 'short_window': 20, 'volatility_cap': 0.12}",,,,,,1
0.0007088184356689453,0.00021928608487635496,0.015405416488647461,0.003104501854321876,1.2,0.5,40,0.8,25,0.1,"{'entry_z': 1.2, 'exit_z': 0.5, 'long_window': 40, 'max_position_pct': 0.8, 'short_window': 25, 'volatility_cap': 0.1}",,,,,,1
0.0007575352986653646,0.00030631436186967444,0.03293108940124512,0.016276323908898698,1.2,0.5,40,0.8,25,0.12,"{'entry_z': 1.2, 'exit_z': 0.5, 'long_window': 40, 'max_position_pct': 0.8, 'short_window': 25, 'volatility_cap': 0.12}",,,,,,1
0.00032838185628255207,2.468703856852554e-05,0.007334152857462565,0.004736293549496545,1.2,0.5,50,0.7,15,0.1,"{'entry_z': 1.2, 'exit_z': 0.5, 'long_window': 50, 'max_position_pct': 0.7, 'short_window': 15, 'volatility_cap': 0.1}",,,,,,1
0.0005044142405192057,0.0001782547720495124,0.01154017448425293,0.005132789598284763,1.2,0.5,50,0.7,15,0.12,"{'entry_z': 1.2, 'exit_z': 0.5, 'long_window': 50, 'max_position_pct': 0.7, 'short_window': 15, 'volatility_cap': 0.12}",,,,,,1
0.0005466143290201823,0.0002513241200923611,0.0101164182027181,0.0033586010786200706,1.2,0.5,50,0.7,20,0.1,"{'entry_z': 1.2, 'exit_z': 0.5, 'long_window': 50, 'max_position_pct': 0.7, 'short_window': 20, 'volatility_cap': 0.1}",,,,,,1
0.00042708714803059894,4.930303038160336e-05,0.022928794225056965,0.006578591516269222,1.2,0.5,50,0.7,20,0.12,"{'entry_z': 1.2, 'exit_z': 0.5, 'long_window': 50, 'max_position_pct': 0.7, 'short_window': 20, 'volatility_cap': 0.12}",,,,,,1
0.00036835670471191406,5.991505222821992e-05,0.010369618733723959,0.005108458166893539,1.2,0.5,50,0.7,25,0.1,"{'entry_z': 1.2, 'exit_z': 0.5, 'long_window': 50, 'max_position_pct': 0.7, 'short_window': 25, 'volatility_cap': 0.1}",,,,,,1
0.00035651524861653644,6.001153453475599e-05,0.009308735529581705,0.0025015682058728943,1.2,0.5,50,0.7,25,0.12,"{'entry_z': 1.2, 'exit_z': 0.5, 'long_window': 50, 'max_position_pct': 0.7, 'short_window': 25, 'volatility_cap': 0.12}",,,,,,1
0.0007739067077636719,0.0003364734093863065,0.032014687856038414,0.020031600288179994,1.2,0.5,50,0.8,15,0.1,"{'entry_z': 1.2, 'exit_z': 0.5, 'long_window': 50, 'max_position_pct': 0.8, 'short_window': 15, 'volatility_cap': 0.1}",,,,,,1
0.0005128383636474609,0.0001695090707089121,0.006798108418782552,0.001234760780245722,1.2,0.5,50,0.8,15,0.12,"{'entry_z': 1.2, 'exit_z': 0.5, 'long_window': 50, 'max_position_pct': 0.8, 'short_window': 15, 'volatility_cap': 0.12}",,,,,,1
0.0003543694814046224,7.473635501119252e-05,0.02889529863993327,0.03317582824126068,1.2,0.5,50,0.8,20,0.1,"{'entry_z': 1.2, 'exit_z': 0.5, 'long_window': 50, 'max_position_pct': 0.8, 'short_window': 20, 'volatility_cap': 0.1}",,,,,,1
0.0004717508951822917,0.0002086582898376971,0.016820828119913738,0.018044768303324018,1.2,0.5,50,0.8,20,0.12,"{'entry_z': 1.2, 'exit_z': 0.5, 'long_window': 50, 'max_position_pct': 0.8, 'short_window': 20, 'volatility_cap': 0.12}",,,,,,1
0.0009448528289794922,0.0004791285771402622,0.008420467376708984,0.0038990081184636337,1.2,0.5,50,0.8,25,0.1,"{'entry_z': 1.2, 'exit_z': 0.5, 'long_window': 50, 'max_position_pct': 0.8, 'short_window': 25, 'volatility_cap': 0.1}",,,,,,1
0.0006059805552164713,0.00025783771207915754,0.005236387252807617,0.0020076104654633796,1.2,0.5,50,0.8,25,0.12,"{'entry_z': 1.2, 'exit_z': 0.5, 'long_window': 50, 'max_position_pct': 0.8, 'short_window': 25, 'volatility_cap': 0.12}",,,,,,1
0.0005519390106201172,0.00024764663787721656,0.003191391626993815,0.002461976761618975,1.2,0.5,60,0.7,15,0.1,"{'entry_z': 1.2, 'exit_z': 0.5, 'long_window': 60, 'max_position_pct': 0.7, 'short_window': 15, 'volatility_cap': 0.1}",,,,,,1
0.0006525516510009766,0.00032349708442903815,0.004687309265136719,0.0016631057471589597,1.2,0.5,60,0.7,15,0.12,"{'entry_z': 1.2, 'exit_z': 0.5, 'long_window': 60, 'max_position_pct': 0.7, 'short_window': 15, 'volatility_cap': 0.12}",,,,,,1
0.000515143076578776,0.0001967310471645666,0.005375226338704427,0.0032513256253766686,1.2,0.5,60,0.7,20,0.1,"{'entry_z': 1.2, 'exit_z': 0.5, 'long_window': 60, 'max_position_pct': 0.7, 'short_window': 20, 'volatility_cap': 0.1}",,,,,,1
0.00039919217427571613,4.935373365480118e-05,0.006071329116821289,0.0007372154091311344,1.2,0.5,60,0.7,20,0.12,"{'entry_z': 1.2, 'exit_z': 0.5, 'long_window': 60, 'max_position_pct': 0.7, 'short_window': 20, 'volatility_cap': 0.12}",,,,,,1
0.0004979769388834635,0.0002684016031106209,0.00795745849609375,0.006631128789904987,1.2,0.5,60,0.7,25,0.1,"{'entry_z': 1.2, 'exit_z': 0.5, 'long_window': 60, 'max_position_pct': 0.7, 'short_window': 25, 'volatility_cap': 0.1}",,,,,,1
0.0005627473195393881,0.00010799639394422666,0.03132788340250651,0.018324075329608662,1.2,0.5,60,0.7,25,0.12,"{'entry_z': 1.2, 'exit_z': 0.5, 'long_window': 60, 'max_position_pct': 0.7, 'short_window': 25, 'volatility_cap': 0.12}",,,,,,1
0.0009525616963704427,0.0008380601353863965,0.00804297129313151,0.00456463760104232,1.2,0.5,60,0.8,15,0.1,"{'entry_z': 1.2, 'exit_z': 0.5, 'long_window': 60, 'max_position_pct': 0.8, 'short_window': 15, 'volatility_cap': 0.1}",,,,,,1
0.0008075237274169922,0.00029501869120854296,0.006456216176350911,0.002290669207247147,1.2,0.5,60,0.8,15,0.12,"{'entry_z': 1.2, 'exit_z': 0.5, 'long_window': 60, 'max_position_pct': 0.8, 'short_window': 15, 'volatility_cap': 0.12}",,,,,,1
0.0003940264383951823,4.599453563408037e-05,0.0063482920328776045,0.0014077347603896318,1.2,0.5,60,0.8,20,0.1,"{'entry_z': 1.2, 'exit_z': 0.5, 'long_window': 60, 'max_position_pct': 0.8, 'short_window': 20, 'volatility_cap': 0.1}",,,,,,1
0.0007273356119791666,0.00036202887547925704,0.008281310399373373,0.007433794873959222,1.2,0.5,60,0.8,20,0.12,"{'entry_z': 1.2, 'exit_z': 0.5, 'long_window': 60, 'max_position_pct': 0.8, 'short_window': 20, 'volatility_cap': 0.12}",,,,,,1
0.0005335807800292969,0.00014167173557620897,0.024572054545084637,0.015749767644488214,1.2,0.5,60,0.8,25,0.1,"{'entry_z': 1.2, 'exit_z': 0.5, 'long_window': 60, 'max_position_pct': 0.8, 'short_window': 25, 'volatility_cap': 0.1}",,,,,,1
0.00041039784749348957,8.31084746703672e-05,0.02296296755472819,0.01914369368610427,1.2,0.5,60,0.8,25,0.12,"{'entry_z': 1.2, 'exit_z': 0.5, 'long_window': 60, 'max_position_pct': 0.8, 'short_window': 25, 'volatility_cap': 0.12}",,,,,,1
0.00037868817647298175,0.00010872450706126102,0.02303345998128255,0.015004736128516586,1.5,0.3,40,0.7,15,0.1,"{'entry_z': 1.5, 'exit_z': 0.3, 'long_window': 40, 'max_position_pct': 0.7, 'short_window': 15, 'volatility_cap': 0.1}",,,,,,1
0.0005518595377604166,0.00019222160228782258,0.013618707656860352,0.005955710234802159,1.5,0.3,40,0.7,15,0.12,"{'entry_z': 1.5, 'exit_z': 0.3, 'long_window': 40, 'max_position_pct': 0.7, 'short_window': 15, 'volatility_cap': 0.12}",,,,,,1
0.0010469754536946614,0.0007322306270856474,0.020781278610229492,0.0059341920941787425,1.5,0.3,40,0.7,20,0.1,"{'entry_z': 1.5, 'exit_z': 0.3, 'long_window': 40, 'max_position_pct': 0.7, 'short_window': 20, 'volatility_cap': 0.1}",,,,,,1
0.000652154286702474,0.0003614128060560307,0.008795817693074545,0.006546524286421168,1.5,0.3,40,0.7,20,0.12,"{'entry_z': 1.5, 'exit_z': 0.3, 'long_window': 40, 'max_position_pct': 0.7, 'short_window': 20, 'volatility_cap': 0.12}",,,,,,1
0.0005319118499755859,0.00027541656349440376,0.027530908584594727,0.02020545447645103,1.5,0.3,40,0.7,25,0.1,"{'entry_z': 1.5, 'exit_z': 0.3, 'long_window': 40, 'max_position_pct': 0.7, 'short_window': 25, 'volatility_cap': 0.1}",,,,,,1
0.0006722609202067057,0.00018984191541707935,0.011858224868774414,0.007494927461342307,1.5,0.3,40,0.7,25,0.12,"{'entry_z': 1.5, 'exit_z': 0.3, 'long_window': 40, 'max_position_pct': 0.7, 'short_window': 25, 'volatility_cap': 0.12}",,,,,,1
0.0006500085194905599,0.00018527085595715132,0.012905120849609375,0.0012629365580542986,1.5,0.3,40,0.8,15,0.1,"{'entry_z': 1.5, 'exit_z': 0.3, 'long_window': 40, 'max_position_pct': 0.8, 'short_window': 15, 'volatility_cap': 0.1}",,,,,,1
0.0006853739420572916,0.00015950973101238673,0.019248008728027344,0.014539360019560157,1.5,0.3,40,0.8,15,0.12,"{'entry_z': 1.5, 'exit_z': 0.3, 'long_window': 40, 'max_position_pct': 0.8, 'short_window': 15, 'volatility_cap': 0.12}",,,,,,1
0.001709302266438802,0.0018379644844391076,0.015564918518066406,0.0062224316893291,1.5,0.3,40,0.8,20,0.1,"{'entry_z': 1.5, 'exit_z': 0.3, 'long_window': 40, 'max_position_pct': 0.8, 'short_window': 20, 'volatility_cap': 0.1}",,,,,,1
0.00039188067118326825,6.118161210255611e-05,0.015055338541666666,0.00824820651659714,1.5,0.3,40,0.8,20,0.12,"{'entry_z': 1.5, 'exit_z': 0.3, 'long_window': 40, 'max_position_pct': 0.8, 'short_window': 20, 'volatility_cap': 0.12}",,,,,,1
0.0008832613627115885,0.00038719374622766856,0.007121642430623372,0.0020754837498391256,1.5,0.3,40,0.8,25,0.1,"{'entry_z': 1.5, 'exit_z': 0.3, 'long_window': 40, 'max_position_pct': 0.8, 'short_window': 25, 'volatility_cap': 0.1}",,,,,,1
0.0005603631337483724,9.604695410034442e-05,0.007934808731079102,0.002164816777479461,1.5,0.3,40,0.8,25,0.12,"{'entry_z': 1.5, 'exit_z': 0.3, 'long_window': 40, 'max_position_pct': 0.8, 'short_window': 25, 'volatility_cap': 0.12}",,,,,,1
0.0005759398142496744,5.56703836827739e-05,0.008127450942993164,0.006131665920512434,1.5,0.3,50,0.7,15,0.1,"{'entry_z': 1.5, 'exit_z': 0.3, 'long_window': 50, 'max_position_pct': 0.7, 'short_window': 15, 'volatility_cap': 0.1}",,,,,,1
0.000648339589436849,0.00015072333221902092,0.015259742736816406,0.010013794228751656,1.5,0.3,50,0.7,15,0.12,"{'entry_z': 1.5, 'exit_z': 0.3, 'long_window': 50, 'max_position_pct': 0.7, 'short_window': 15, 'volatility_cap': 0.12}",,,,,,1
0.0007572174072265625,0.00023152256857664698,0.03050374984741211,0.01659825671987398,1.5,0.3,50,0.7,20,0.1,"{'entry_z': 1.5, 'exit_z': 0.3, 'long_window': 50, 'max_position_pct': 0.7, 'short_window': 20, 'volatility_cap': 0.1}",,,,,,1
0.0007634162902832031,0.0003555734754903153,0.0072909196217854815,0.0006899562173624885,1.5,0.3,50,0.7,20,0.12,"{'entry_z': 1.5, 'exit_z': 0.3, 'long_window': 50, 'max_position_pct': 0.7, 'short_window': 20, 'volatility_cap': 0.12}",,,,,,1
0.00039275487263997394,4.2740294107338385e-05,0.009942452112833658,0.0044243276316550395,1.5,0.3,50,0.7,25,0.1,"{'entry_z': 1.5, 'exit_z': 0.3, 'long_window': 50, 'max_position_pct': 0.7, 'short_window': 25, 'volatility_cap': 0.1}",,,,,,1
0.0003229777018229167,6.61897764456387e-05,0.009248892466227213,0.003138365924205001,1.5,0.3,50,0.7,25,0.12,"{'entry_z': 1.5, 'exit_z': 0.3, 'long_window': 50, 'max_position_pct': 0.7, 'short_window': 25, 'volatility_cap': 0.12}",,,,,,1
0.001966396967569987,0.001971904825442676,0.003897984822591146,0.0016140134643664434,1.5,0.3,50,0.8,15,0.1,"{'entry_z': 1.5, 'exit_z': 0.3, 'long_window': 50, 'max_position_pct': 0.8, 'short_window': 15, 'volatility_cap': 0.1}",,,,,,1
0.0009467601776123047,0.0008056855588315586,0.028135220209757488,0.020300365303668307,1.5,0.3,50,0.8,15,0.12,"{'entry_z': 1.5, 'exit_z': 0.3, 'long_window': 50, 'max_position_pct': 0.8, 'short_window': 15, 'volatility_cap': 0.12}",,,,,,1
0.00036597251892089844,0.00010315858830240186,0.005187034606933594,0.0020456203306264214,1.5,0.3,50,0.8,20,0.1,"{'entry_z': 1.5, 'exit_z': 0.3, 'long_window': 50, 'max_position_pct': 0.8, 'short_window': 20, 'volatility_cap': 0.1}",,,,,,1
0.0003725687662760417,0.00011674825471924986,0.004567941029866536,0.0016379839383968441,1.5,0.3,50,0.8,20,0.12,"{'entry_z': 1.5, 'exit_z': 0.3, 'long_window': 50, 'max_position_pct': 0.8, 'short_window': 20, 'volatility_cap': 0.12}",,,,,,1
0.0003598531087239583,4.8320152253198254e-05,0.005239407221476237,0.0004522899244421718,1.5,0.3,50,0.8,25,0.1,"{'entry_z': 1.5, 'exit_z': 0.3, 'long_window': 50, 'max_position_pct': 0.8, 'short_window': 25, 'volatility_cap': 0.1}",,,,,,1
0.0006163120269775391,0.00022895790200400608,0.010334253311157227,0.002365773783685785,1.5,0.3,50,0.8,25,0.12,"{'entry_z': 1.5, 'exit_z': 0.3, 'long_window': 50, 'max_position_pct': 0.8, 'short_window': 25, 'volatility_cap': 0.12}",,,,,,1
0.0004993279774983724,4.831152461158346e-05,0.0053548018137613935,0.0003075893110459572,1.5,0.3,60,0.7,15,0.1,"{'entry_z': 1.5, 'exit_z': 0.3, 'long_window': 60, 'max_position_pct': 0.7, 'short_window': 15, 'volatility_cap': 0.1}",,,,,,1
0.0004208882649739583,0.00019635004827494947,0.00450436274210612,0.0019474582703700855,1.5,0.3,60,0.7,15,0.12,"{'entry_z': 1.5, 'exit_z': 0.3, 'long_window': 60, 'max_position_pct': 0.7, 'short_window': 15, 'volatility_cap': 0.12}",,,,,,1
0.00046825408935546875,0.00017973672329990603,0.004099210103352864,0.0007288011877345808,1.5,0.3,60,0.7,20,0.1,"{'entry_z': 1.5, 'exit_z': 0.3, 'long_window': 60, 'max_position_pct': 0.7, 'short_window': 20, 'volatility_cap': 0.1}",,,,,,1
0.0006313323974609375,0.00024471372466445206,0.0071230729420979815,0.004219530195783608,1.5,0.3,60,0.7,20,0.12,"{'entry_z': 1.5, 'exit_z': 0.3, 'long_window': 60, 'max_position_pct': 0.7, 'short_window': 20, 'volatility_cap': 0.12}",,,,,,1
0.0003592967987060547,1.9882832554005802e-05,0.004584550857543945,0.0007381978249397134,1.5,0.3,60,0.7,25,0.1,"{'entry_z': 1.5, 'exit_z': 0.3, 'long_window': 60, 'max_position_pct': 0.7, 'short_window': 25, 'volatility_cap': 0.1}",,,,,,1
0.000348965326944987,3.0613250902553826e-05,0.006650527318318685,0.001241520873221457,1.5,0.3,60,0.7,25,0.12,"{'entry_z': 1.5, 'exit_z': 0.3, 'long_window': 60, 'max_position_pct': 0.7, 'short_window': 25, 'volatility_cap': 0.12}",,,,,,1
0.0004940032958984375,0.00015834165067785192,0.0025953451792399087,0.0014924039359324349,1.5,0.3,60,0.8,15,0.1,"{'entry_z': 1.5, 'exit_z': 0.3, 'long_window': 60, 'max_position_pct': 0.8, 'short_window': 15, 'volatility_cap': 0.1}",,,,,,1
0.00047961870829264325,0.0001704831588244214,0.013933102289835611,0.00213217920872267,1.5,0.3,60,0.8,15,0.12,"{'entry_z': 1.5, 'exit_z': 0.3, 'long_window': 60, 'max_position_pct': 0.8, 'short_window': 15, 'volatility_cap': 0.12}",,,,,,1
0.0003428459167480469,0.00013613109330811354,0.007178386052449544,0.003958560208925416,1.5,0.3,60,0.8,20,0.1,"{'entry_z': 1.5, 'exit_z': 0.3, 'long_window': 60, 'max_position_pct': 0.8, 'short_window': 20, 'volatility_cap': 0.1}",,,,,,1
0.000459591547648112,0.00014527895255297263,0.022330443064371746,0.020511389211780702,1.5,0.3,60,0.8,20,0.12,"{'entry_z': 1.5, 'exit_z': 0.3, 'long_window': 60, 'max_position_pct': 0.8, 'short_window': 20, 'volatility_cap': 0.12}",,,,,,1
0.0005175272623697916,0.00027633802419723,0.005980094273885091,0.002532754656178932,1.5,0.3,60,0.8,25,0.1,"{'entry_z': 1.5, 'exit_z': 0.3, 'long_window': 60, 'max_position_pct': 0.8, 'short_window': 25, 'volatility_cap': 0.1}",,,,,,1
0.0014133453369140625,0.0013105128397849334,0.009024620056152344,0.003708139640900718,1.5,0.3,60,0.8,25,0.12,"{'entry_z': 1.5, 'exit_z': 0.3, 'long_window': 60, 'max_position_pct': 0.8, 'short_window': 25, 'volatility_cap': 0.12}",,,,,,1
0.0003879070281982422,7.570080864187317e-05,0.004926443099975586,0.00027728610335737833,1.5,0.4,40,0.7,15,0.1,"{'entry_z': 1.5, 'exit_z': 0.4, 'long_window': 40, 'max_position_pct': 0.7, 'short_window': 15, 'volatility_cap': 0.1}",,,,,,1
0.0009387334187825521,0.0006123805325537573,0.018396695454915363,0.021228981725294707,1.5,0.4,40,0.7,15,0.12,"{'entry_z': 1.5, 'exit_z': 0.4, 'long_window': 40, 'max_position_pct': 0.7, 'short_window': 15, 'volatility_cap': 0.12}",,,,,,1
0.004790067672729492,0.006207978187843182,0.0177916685740153,0.01811573984826792,1.5,0.4,40,0.7,20,0.1,"{'entry_z': 1.5, 'exit_z': 0.4, 'long_window': 40, 'max_position_pct': 0.7, 'short_window': 20, 'volatility_cap': 0.1}",,,,,,1
0.00040157636006673175,0.0001205697838602556,0.007051626841227214,0.00445577095372958,1.5,0.4,40,0.7,20,0.12,"{'entry_z': 1.5, 'exit_z': 0.4, 'long_window': 40, 'max_position_pct': 0.7, 'short_window': 20, 'volatility_cap': 0.12}",,,,,,1
0.00040785471598307293,0.00015262344230967254,0.021793603897094727,0.018403669293063505,1.5,0.4,40,0.7,25,0.1,"{'entry_z': 1.5, 'exit_z': 0.4, 'long_window': 40, 'max_position_pct': 0.7, 'short_window': 25, 'volatility_cap': 0.1}",,,,,,1
0.00045935312906901043,0.00017521200979945574,0.012617349624633789,0.004905520549271869,1.5,0.4,40,0.7,25,0.12,"{'entry_z': 1.5, 'exit_z': 0.4, 'long_window': 40, 'max_position_pct': 0.7, 'short_window': 25, 'volatility_cap': 0.12}",,,,,,1
0.0008449554443359375,0.000545904863930034,0.006263891855875651,0.002697554695410946,1.5,0.4,40,0.8,15,0.1,"{'entry_z': 1.5, 'exit_z': 0.4, 'long_window': 40, 'max_position_pct': 0.8, 'short_window': 15, 'volatility_cap': 0.1}",,,,,,1
0.00044194857279459637,0.0001260705104529443,0.008778095245361328,0.0011467847572632754,1.5,0.4,40,0.8,15,0.12,"{'entry_z': 1.5, 'exit_z': 0.4, 'long_window': 40, 'max_position_pct': 0.8, 'short_window': 15, 'volatility_cap': 0.12}",,,,,,1
0.0003589789072672526,7.448061411197622e-05,0.006323814392089844,0.001513170290210646,1.5,0.4,40,0.8,20,0.1,"{'entry_z': 1.5, 'exit_z': 0.4, 'long_window': 40, 'max_position_pct': 0.8, 'short_window': 20, 'volatility_cap': 0.1}",,,,,,1
0.00043431917826334637,4.950017322870976e-05,0.015769163767496746,0.014504291621353683,1.5,0.4,40,0.8,20,0.12,"{'entry_z': 1.5, 'exit_z': 0.4, 'long_window': 40, 'max_position_pct': 0.8, 'short_window': 20, 'volatility_cap': 0.12}",,,,,,1
0.0007703304290771484,0.00030209675609238246,0.003992716471354167,0.0015506109753786617,1.5,0.4,40,0.8,25,0.1,"{'entry_z': 1.5, 'exit_z': 0.4, 'long_window': 40, 'max_position_pct': 0.8, 'short_window': 25, 'volatility_cap': 0.1}",,,,,,1
0.0004150867462158203,1.684524701371736e-05,0.0017785231272379558,0.0003642630353406395,1.5,0.4,40,0.8,25,0.12,"{'entry_z': 1.5, 'exit_z': 0.4, 'long_window': 40, 'max_position_pct': 0.8, 'short_window': 25, 'volatility_cap': 0.12}",,,,,,1
0.00036525726318359375,9.383964665862604e-05,0.004976669947306315,0.0024750998845097377,1.5,0.4,50,0.7,15,0.1,"{'entry_z': 1.5, 'exit_z': 0.4, 'long_window': 50, 'max_position_pct': 0.7, 'short_window': 15, 'volatility_cap': 0.1}",,,,,,1
0.0004329681396484375,0.00014620963071369263,0.0064849058787028,0.003461406849595707,1.5,0.4,50,0.7,15,0.12,"{'entry_z': 1.5, 'exit_z': 0.4, 'long_window': 50, 'max_position_pct': 0.7, 'short_window': 15, 'volatility_cap': 0.12}",,,,,,1
0.00034999847412109375,2.5202546743348553e-05,0.004778861999511719,0.0021817555858104254,1.5,0.4,50,0.7,20,0.1,"{'entry_z': 1.5, 'exit_z': 0.4, 'long_window': 50, 'max_position_pct': 0.7, 'short_window': 20, 'volatility_cap': 0.1}",,,,,,1
0.0003956158955891927,4.7454814392990745e-05,0.0029715696970621743,0.0007229473636756566,1.5,0.4,50,0.7,20,0.12,"{'entry_z': 1.5, 'exit_z': 0.4, 'long_window': 50, 'max_position_pct': 0.7, 'short_window': 20, 'volatility_cap': 0.12}",,,,,,1
0.0004857381184895833,0.0002193490951744209,0.021137237548828125,0.02342188348407007,1.5,0.4,50,0.7,25,0.1,"{'entry_z': 1.5, 'exit_z': 0.4, 'long_window': 50, 'max_position_pct': 0.7, 'short_window': 25, 'volatility_cap': 0.1}",,,,,,1
0.0003559589385986328,7.351338325730043e-05,0.005780140558878581,0.004911870960400865,1.5,0.4,50,0.7,25,0.12,"{'entry_z': 1.5, 'exit_z': 0.4, 'long_window': 50, 'max_position_pct': 0.7, 'short_window': 25, 'volatility_cap': 0.12}",,,,,,1
0.0003777345021565755,7.850800368966018e-05,0.005933682123819987,0.003311164329975808,1.5,0.4,50,0.8,15,0.1,"{'entry_z': 1.5, 'exit_z': 0.4, 'long_window': 50, 'max_position_pct': 0.8, 'short_window': 15, 'volatility_cap': 0.1}",,,,,,1
0.0007459322611490885,0.000527612803942411,0.002318859100341797,0.0008004078043709794,1.5,0.4,50,0.8,15,0.12,"{'entry_z': 1.5, 'exit_z': 0.4, 'long_window': 50, 'max_position_pct': 0.8, 'short_window': 15, 'volatility_cap': 0.12}",,,,,,1
0.0006683667500813802,0.0002750477256527801,0.0036736329396565757,0.0025795658130722317,1.5,0.4,50,0.8,20,0.1,"{'entry_z': 1.5, 'exit_z': 0.4, 'long_window': 50, 'max_position_pct': 0.8, 'short_window': 20, 'volatility_cap': 0.1}",,,,,,1
0.00048470497131347656,0.00021865839166789158,0.004714647928873698,0.003050763180029726,1.5,0.4,50,0.8,20,0.12,"{'entry_z': 1.5, 'exit_z': 0.4, 'long_window': 50, 'max_position_pct': 0.8, 'short_window': 20, 'volatility_cap': 0.12}",,,,,,1
0.0003800392150878906,1.821680211533839e-05,0.004702011744181315,0.0032281734174959805,1.5,0.4,50,0.8,25,0.1,"{'entry_z': 1.5, 'exit_z': 0.4, 'long_window': 50, 'max_position_pct': 0.8, 'short_window': 25, 'volatility_cap': 0.1}",,,,,,1
0.000667413075764974,0.000332417654078386,0.0015181700388590496,6.484878218146107e-05,1.5,0.4,50,0.8,25,0.12,"{'entry_z': 1.5, 'exit_z': 0.4, 'long_window': 50, 'max_position_pct': 0.8, 'short_window': 25, 'volatility_cap': 0.12}",,,,,,1
0.0007320245107014974,0.00024137023539484828,0.0047601064046223955,0.0026067496578727877,1.5,0.4,60,0.7,15,0.1,"{'entry_z': 1.5, 'exit_z': 0.4, 'long_window': 60, 'max_position_pct': 0.7, 'short_window': 15, 'volatility_cap': 0.1}",,,,,,1
0.000425418217976888,0.00012359810667097673,0.004450400670369466,0.0011865320895531174,1.5,0.4,60,0.7,15,0.12,"{'entry_z': 1.5, 'exit_z': 0.4, 'long_window': 60, 'max_position_pct': 0.7, 'short_window': 15, 'volatility_cap': 0.12}",,,,,,1
0.00044655799865722656,5.770156518785102e-05,0.005785067876180013,0.001265499965471061,1.5,0.4,60,0.7,20,0.1,"{'entry_z': 1.5, 'exit_z': 0.4, 'long_window': 60, 'max_position_pct': 0.7, 'short_window': 20, 'volatility_cap': 0.1}",,,,,,1
0.000475009282430013,8.159475060879568e-05,0.002868811289469401,0.002172580135592412,1.5,0.4,60,0.7,20,0.12,"{'entry_z': 1.5, 'exit_z': 0.4, 'long_window': 60, 'max_position_pct': 0.7, 'short_window': 20, 'volatility_cap': 0.12}",,,,,,1
0.00037789344787597656,3.57426480704826e-05,0.003354628880818685,0.0013818383285360918,1.5,0.4,60,0.7,25,0.1,"{'entry_z': 1.5, 'exit_z': 0.4, 'long_window': 60, 'max_position_pct': 0.7, 'short_window': 25, 'volatility_cap': 0.1}",,,,,,1
0.00040642420450846356,0.00019394696451961206,0.0036416053771972656,0.0015556305296079626,1.5,0.4,60,0.7,25,0.12,"{'entry_z': 1.5, 'exit_z': 0.4, 'long_window': 60, 'max_position_pct': 0.7, 'short_window': 25, 'volatility_cap': 0.12}",,,,,,1
0.00032750765482584637,1.1281227721038174e-05,0.004391193389892578,0.0005886919560848463,1.5,0.4,60,0.8,15,0.1,"{'entry_z': 1.5, 'exit_z': 0.4, 'long_window': 60, 'max_position_pct': 0.8, 'short_window': 15, 'volatility_cap': 0.1}",,,,,,1
0.0005350112915039062,0.0002827289177308769,0.004993995030721028,0.0022961219542276196,1.5,0.4,60,0.8,15,0.12,"{'entry_z': 1.5, 'exit_z': 0.4, 'long_window': 60, 'max_position_pct': 0.8, 'short_window': 15, 'volatility_cap': 0.12}",,,,,,1
0.0003218650817871094,6.042488295617477e-05,0.004549264907836914,0.0009917675479059742,1.5,0.4,60,0.8,20,0.1,"{'entry_z': 1.5, 'exit_z': 0.4, 'long_window': 60, 'max_position_pct': 0.8, 'short_window': 20, 'volatility_cap': 0.1}",,,,,,1
0.00037217140197753906,7.422160941566277e-05,0.004202445348103841,0.001422142347199963,1.5,0.4,60,0.8,20,0.12,"{'entry_z': 1.5, 'exit_z': 0.4, 'long_window': 60, 'max_position_pct': 0.8, 'short_window': 20, 'volatility_cap': 0.12}",,,,,,1
0.0003692309061686198,0.00011844794551630106,0.005568027496337891,0.00035061903577837005,1.5,0.4,60,0.8,25,0.1,"{'entry_z': 1.5, 'exit_z': 0.4, 'long_window': 60, 'max_position_pct': 0.8, 'short_window': 25, 'volatility_cap': 0.1}",,,,,,1
0.0006419817606608073,0.00032130577407748167,0.0065526167551676435,0.005125815862625801,1.5,0.4,60,0.8,25,0.12,"{'entry_z': 1.5, 'exit_z': 0.4, 'long_window': 60, 'max_position_pct': 0.8, 'short_window': 25, 'volatility_cap': 0.12}",,,,,,1
0.00048581759134928387,7.836644571733114e-05,0.005793650945027669,0.002047346509978481,1.5,0.5,40,0.7,15,0.1,"{'entry_z': 1.5, 'exit_z': 0.5, 'long_window': 40, 'max_position_pct': 0.7, 'short_window': 15, 'volatility_cap': 0.1}",,,,,,1
0.0007076263427734375,0.00012321297474066607,0.009166240692138672,0.002919501697443499,1.5,0.5,40,0.7,15,0.12,"{'entry_z': 1.5, 'exit_z': 0.5, 'long_window': 40, 'max_position_pct': 0.7, 'short_window': 15, 'volatility_cap': 0.12}",,,,,,1
0.0004910628000895182,0.00020996852862842716,0.007940292358398438,0.003917402287077794,1.5,0.5,40,0.7,20,0.1,"{'entry_z': 1.5, 'exit_z': 0.5, 'long_window': 40, 'max_position_pct': 0.7, 'short_window': 20, 'volatility_cap': 0.1}",,,,,,1
0.0004590352376302083,2.8993328715145607e-05,0.0059168338775634766,0.0029178731801397513,1.5,0.5,40,0.7,20,0.12,"{'entry_z': 1.5, 'exit_z': 0.5, 'long_window': 40, 'max_position_pct': 0.7, 'short_window': 20, 'volatility_cap': 0.12}",,,,,,1
0.0008627573649088541,0.00013085471216319288,0.008651256561279297,0.002654244436334062,1.5,0.5,40,0.7,25,0.1,"{'entry_z': 1.5, 'exit_z': 0.5, 'long_window': 40, 'max_position_pct': 0.7, 'short_window': 25, 'volatility_cap': 0.1}",,,,,,1
0.0004004637400309245,7.860930479667609e-05,0.012080748875935873,0.004091301281572092,1.5,0.5,40,0.7,25,0.12,"{'entry_z': 1.5, 'exit_z': 0.5, 'long_window': 40, 'max_position_pct': 0.7, 'short_window': 25, 'volatility_cap': 0.12}",,,,,,1
0.0009208520253499349,0.0003835789825970135,0.012337764104207357,0.0005438564646485902,1.5,0.5,40,0.8,15,0.1,"{'entry_z': 1.5, 'exit_z': 0.5, 'long_window': 40, 'max_position_pct': 0.8, 'short_window': 15, 'volatility_cap': 0.1}",,,,,,1
0.000429232915242513,0.00011347728128098091,0.011455138524373373,0.0053958791456115715,1.5,0.5,40,0.8,15,0.12,"{'entry_z': 1.5, 'exit_z': 0.5, 'long_window': 40, 'max_position_pct': 0.8, 'short_window': 15, 'volatility_cap': 0.12}",,,,,,1
0.00040658315022786457,9.574899899316061e-05,0.009878158569335938,0.0022879024832177714,1.5,0.5,40,0.8,20,0.1,"{'entry_z': 1.5, 'exit_z': 0.5, 'long_window': 40, 'max_position_pct': 0.8, 'short_window': 20, 'volatility_cap': 0.1}",,,,,,1
0.0005261103312174479,0.00024450336436799696,0.008555968602498373,0.005047973068822474,1.5,0.5,40,0.8,20,0.12,"{'entry_z': 1.5, 'exit_z': 0.5, 'long_window': 40, 'max_position_pct': 0.8, 'short_window': 20, 'volatility_cap': 0.12}",,,,,,1
0.00040912628173828125,4.9193250790681565e-05,0.00982054074605306,0.0020092279697290108,1.5,0.5,40,0.8,25,0.1,"{'entry_z': 1.5, 'exit_z': 0.5, 'long_window': 40, 'max_position_pct': 0.8, 'short_window': 25, 'volatility_cap': 0.1}",,,,,,1
0.00038806597391764325,4.460502307167082e-05,0.013729492823282877,0.002673942191148342,1.5,0.5,40,0.8,25,0.12,"{'entry_z': 1.5, 'exit_z': 0.5, 'long_window': 40, 'max_position_pct': 0.8, 'short_window': 25, 'volatility_cap': 0.12}",,,,,,1
0.0007134278615315756,0.00015331449626504202,0.01250926653544108,0.002265200338959238,1.5,0.5,50,0.7,15,0.1,"{'entry_z': 1.5, 'exit_z': 0.5, 'long_window': 50, 'max_position_pct': 0.7, 'short_window': 15, 'volatility_cap': 0.1}",,,,,,1
0.0005030632019042969,0.00011155747734558121,0.01083064079284668,0.006095322219981076,1.5,0.5,50,0.7,15,0.12,"{'entry_z': 1.5, 'exit_z': 0.5, 'long_window': 50, 'max_position_pct': 0.7, 'short_window': 15, 'volatility_cap': 0.12}",,,,,,1
0.0006973743438720703,0.00023223299553690782,0.014205058415730795,0.007862055859587685,1.5,0.5,50,0.7,20,0.1,"{'entry_z': 1.5, 'exit_z': 0.5, 'long_window': 50, 'max_position_pct': 0.7, 'short_window': 20, 'volatility_cap': 0.1}",,,,,,1
0.00038123130798339844,5.6547271316755384e-05,0.007790565490722656,0.0024905662920717943,1.5,0.5,50,0.7,20,0.12,"{'entry_z': 1.5, 'exit_z': 0.5, 'long_window': 50, 'max_position_pct': 0.7, 'short_window': 20, 'volatility_cap': 0.12}",,,,,,1
0.00045609474182128906,0.00023127396887793905,0.010466496149698893,0.0030808547830034603,1.5,0.5,50,0.7,25,0.1,"{'entry_z': 1.5, 'exit_z': 0.5, 'long_window': 50, 'max_position_pct': 0.7, 'short_window': 25, 'volatility_cap': 0.1}",,,,,,1
0.0003372033437093099,5.021691224066447e-05,0.009060541788736979,0.005693345420385878,1.5,0.5,50,0.7,25,0.12,"{'entry_z': 1.5, 'exit_z': 0.5, 'long_window': 50, 'max_position_pct': 0.7, 'short_window': 25, 'volatility_cap': 0.12}",,,,,,1
0.0003229777018229167,1.2713670575346133e-05,0.008783737818400065,0.0026963708873058534,1.5,0.5,50,0.8,15,0.1,"{'entry_z': 1.5, 'exit_z': 0.5, 'long_window': 50, 'max_position_pct': 0.8, 'short_window': 15, 'volatility_cap': 0.1}",,,,,,1
0.0008929570515950521,0.0004025812530693725,0.008733193079630533,0.001347651400867578,1.5,0.5,50,0.8,15,0.12,"{'entry_z': 1.5, 'exit_z': 0.5, 'long_window': 50, 'max_position_pct': 0.8, 'short_window': 15, 'volatility_cap': 0.12}",,,,,,1
0.0003294944763183594,4.555230139186094e-05,0.007084290186564128,0.002163776395974637,1.5,0.5,50,0.8,20,0.1,"{'entry_z': 1.5, 'exit_z': 0.5, 'long_window': 50, 'max_position_pct': 0.8, 'short_window': 20, 'volatility_cap': 0.1}",,,,,,1
0.000379482905069987,2.756070191960917e-05,0.00910329818725586,0.0005726137618895304,1.5,0.5,50,0.8,20,0.12,"{'entry_z': 1.5, 'exit_z': 0.5, 'long_window': 50, 'max_position_pct': 0.8, 'short_window': 20, 'volatility_cap': 0.12}",,,,,,1
0.0003153483072916667,1.246685762477085e-05,0.008882999420166016,0.0013203288693264972,1.5,0.5,50,0.8,25,0.1,"{'entry_z': 1.5, 'exit_z': 0.5, 'long_window': 50, 'max_position_pct': 0.8, 'short_window': 25, 'volatility_cap': 0.1}",,,,,,1
0.0004901091257731119,0.0001794755493033102,0.009369691212972006,0.0043707544210293,1.5,0.5,50,0.8,25,0.12,"{'entry_z': 1.5, 'exit_z': 0.5, 'long_window': 50, 'max_position_pct': 0.8, 'short_window': 25, 'volatility_cap': 0.12}",,,,,,1
0.000345150629679362,1.0527079511282306e-05,0.005891561508178711,0.003056475772332837,1.5,0.5,60,0.7,15,0.1,"{'entry_z': 1.5, 'exit_z': 0.5, 'long_window': 60, 'max_position_pct': 0.7, 'short_window': 15, 'volatility_cap': 0.1}",,,,,,1
0.0004467964172363281,7.034950828051297e-05,0.008218924204508463,0.0016762214774649665,1.5,0.5,60,0.7,15,0.12,"{'entry_z': 1.5, 'exit_z': 0.5, 'long_window': 60, 'max_position_pct': 0.7, 'short_window': 15, 'volatility_cap': 0.12}",,,,,,1
0.000770409901936849,0.000520593080612612,0.0035494168599446616,0.0025189600542389547,1.5,0.5,60,0.7,20,0.1,"{'entry_z': 1.5, 'exit_z': 0.5, 'long_window': 60, 'max_position_pct': 0.7, 'short_window': 20, 'volatility_cap': 0.1}",,,,,,1
0.0004973411560058594,0.00013622876819999942,0.004956245422363281,0.003516086470015015,1.5,0.5,60,0.7,20,0.12,"{'entry_z': 1.5, 'exit_z': 0.5, 'long_window': 60, 'max_position_pct': 0.7, 'short_window': 20, 'volatility_cap': 0.12}",,,,,,1
0.0008145173390706381,0.00028998275462028275,0.005784273147583008,0.0032380101656389122,1.5,0.5,60,0.7,25,0.1,"{'entry_z': 1.5, 'exit_z': 0.5, 'long_window': 60, 'max_position_pct': 0.7, 'short_window': 25, 'volatility_cap': 0.1}",,,,,,1
0.0008986790974934896,0.0005012459547416857,0.003748814264933268,0.0023646984194314814,1.5,0.5,60,0.7,25,0.12,"{'entry_z': 1.5, 'exit_z': 0.5, 'long_window': 60, 'max_position_pct': 0.7, 'short_window': 25, 'volatility_cap': 0.12}",,,,,,1
0.0003581047058105469,2.9746002386662607e-05,0.007195313771565755,0.0025474957034295033,1.5,0.5,60,0.8,15,0.1,"{'entry_z': 1.5, 'exit_z': 0.5, 'long_window': 60, 'max_position_pct': 0.8, 'short_window': 15, 'volatility_cap': 0.1}",,,,,,1
0.0003769397735595703,2.1034951210129525e-05,0.0048304398854573565,0.002018875908129616,1.5,0.5,60,0.8,15,0.12,"{'entry_z': 1.5, 'exit_z': 0.5, 'long_window': 60, 'max_position_pct': 0.8, 'short_window': 15, 'volatility_cap': 0.12}",,,,,,1
0.00037177403767903644,6.780269304704953e-05,0.0051797231038411455,0.0021691947787159534,1.5,0.5,60,0.8,20,0.1,"{'entry_z': 1.5, 'exit_z': 0.5, 'long_window': 60, 'max_position_pct': 0.8, 'short_window': 20, 'volatility_cap': 0.1}",,,,,,1
0.0004508495330810547,0.00015907373835957295,0.004458983739217122,0.0026478261352391027,1.5,0.5,60,0.8,20,0.12,"{'entry_z': 1.5, 'exit_z': 0.5, 'long_window': 60, 'max_position_pct': 0.8, 'short_window': 20, 'volatility_cap': 0.12}",,,,,,1
0.0004413922627766927,0.00011087435220626769,0.005130211512247722,0.0015050235245620239,1.5,0.5,60,0.8,25,0.1,"{'entry_z': 1.5, 'exit_z': 0.5, 'long_window': 60, 'max_position_pct': 0.8, 'short_window': 25, 'volatility_cap': 0.1}",,,,,,1
0.0003658135732014974,5.121518672995328e-05,0.003384749094645182,0.0005004215082864586,1.5,0.5,60,0.8,25,0.12,"{'entry_z': 1.5, 'exit_z': 0.5, 'long_window': 60, 'max_position_pct': 0.8, 'short_window': 25, 'volatility_cap': 0.12}",,,,,,1
0.0005267461140950521,0.00023610144068566795,0.0045820871988932295,0.0024888972239858515,1.8,0.3,40,0.7,15,0.1,"{'entry_z': 1.8, 'exit_z': 0.3, 'long_window': 40, 'max_position_pct': 0.7, 'short_window': 15, 'volatility_cap': 0.1}",,,,,,1
0.0004409948984781901,5.048860175589073e-05,0.003443559010823568,0.0010328419307796728,1.8,0.3,40,0.7,15,0.12,"{'entry_z': 1.8, 'exit_z': 0.3, 'long_window': 40, 'max_position_pct': 0.7, 'short_window': 15, 'volatility_cap': 0.12}",,,,,,1
0.00045990943908691406,0.0001704558898536552,0.005318482716878255,0.002922212938135161,1.8,0.3,40,0.7,20,0.1,"{'entry_z': 1.8, 'exit_z': 0.3, 'long_window': 40, 'max_position_pct': 0.7, 'short_window': 20, 'volatility_cap': 0.1}",,,,,,1
0.0003513495127360026,4.506566654261098e-05,0.003909587860107422,0.0017301444417663404,1.8,0.3,40,0.7,20,0.12,"{'entry_z': 1.8, 'exit_z': 0.3, 'long_window': 40, 'max_position_pct': 0.7, 'short_window': 20, 'volatility_cap': 0.12}",,,,,,1
0.00031836827596028644,1.3671641930843373e-05,0.003838141759236654,0.0021585107374569295,1.8,0.3,40,0.7,25,0.1,"{'entry_z': 1.8, 'exit_z': 0.3, 'long_window': 40, 'max_position_pct': 0.7, 'short_window': 25, 'volatility_cap': 0.1}",,,,,,1
0.0005192756652832031,0.00017465654022914487,0.003821690877278646,0.0009631620828474956,1.8,0.3,40,0.7,25,0.12,"{'entry_z': 1.8, 'exit_z': 0.3, 'long_window': 40, 'max_position_pct': 0.7, 'short_window': 25, 'volatility_cap': 0.12}",,,,,,1
0.0009731451670328776,0.0008990423165458356,0.004042863845825195,0.0009710414574721508,1.8,0.3,40,0.8,15,0.1,"{'entry_z': 1.8, 'exit_z': 0.3, 'long_window': 40, 'max_position_pct': 0.8, 'short_window': 15, 'volatility_cap': 0.1}",,,,,,1
0.0004699230194091797,0.00016636674651745778,0.0032563209533691406,0.00027620933875625826,1.8,0.3,40,0.8,15,0.12,"{'entry_z': 1.8, 'exit_z': 0.3, 'long_window': 40, 'max_position_pct': 0.8, 'short_window': 15, 'volatility_cap': 0.12}",,,,,,1
0.0003407001495361328,0.00010170464505475553,0.003599405288696289,0.0021160598384346928,1.8,0.3,40,0.8,20,0.1,"{'entry_z': 1.8, 'exit_z': 0.3, 'long_window': 40, 'max_position_pct': 0.8, 'short_window': 20, 'volatility_cap': 0.1}",,,,,,1
0.0003166993459065755,0.00011658161982701242,0.004183053970336914,0.0020590118920317335,1.8,0.3,40,0.8,20,0.12,"{'entry_z': 1.8, 'exit_z': 0.3, 'long_window': 40, 'max_position_pct': 0.8, 'short_window': 20, 'volatility_cap': 0.12}",,,,,,1
0.0003887017567952474,8.858104978036582e-05,0.0027572313944498696,0.0011609743740833146,1.8,0.3,40,0.8,25,0.1,"{'entry_z': 1.8, 'exit_z': 0.3, 'long_window': 40, 'max_position_pct': 0.8, 'short_window': 25, 'volatility_cap': 0.1}",,,,,,1
0.00040531158447265625,0.0001380858718519738,0.0019380251566569011,0.0006722136284807109,1.8,0.3,40,0.8,25,0.12,"{'entry_z': 1.8, 'exit_z': 0.3, 'long_window': 40, 'max_position_pct': 0.8, 'short_window': 25, 'volatility_cap': 0.12}",,,,,,1
0.00034125645955403644,2.131977038060867e-05,0.0034372806549072266,0.0011341137012650122,1.8,0.3,50,0.7,15,0.1,"{'entry_z': 1.8, 'exit_z': 0.3, 'long_window': 50, 'max_position_pct': 0.7, 'short_window': 15, 'volatility_cap': 0.1}",,,,,,1
0.000314633051554362,8.101469710623619e-05,0.0040293534596761065,0.0018421454915817101,1.8,0.3,50,0.7,15,0.12,"{'entry_z': 1.8, 'exit_z': 0.3, 'long_window': 50, 'max_position_pct': 0.7, 'short_window': 15, 'volatility_cap': 0.12}",,,,,,1
0.0003081957499186198,9.425494562303557e-06,0.0020963350931803384,0.0005156504011136763,1.8,0.3,50,0.7,20,0.1,"{'entry_z': 1.8, 'exit_z': 0.3, 'long_window': 50, 'max_position_pct': 0.7, 'short_window': 20, 'volatility_cap': 0.1}",,,,,,1
0.0003574689229329427,0.00010502229408057415,0.003054936726888021,0.0018732160034581004,1.8,0.3,50,0.7,20,0.12,"{'entry_z': 1.8, 'exit_z': 0.3, 'long_window': 50, 'max_position_pct': 0.7, 'short_window': 20, 'volatility_cap': 0.12}",,,,,,1
0.0004967848459879557,0.00024986823191452257,0.004152774810791016,0.0003665797624712878,1.8,0.3,50,0.7,25,0.1,"{'entry_z': 1.8, 'exit_z': 0.3, 'long_window': 50, 'max_position_pct': 0.7, 'short_window': 25, 'volatility_cap': 0.1}",,,,,,1
0.0004297892252604167,8.735459210708971e-05,0.0032726923624674478,0.0014099590495807968,1.8,0.3,50,0.7,25,0.12,"{'entry_z': 1.8, 'exit_z': 0.3, 'long_window': 50, 'max_position_pct': 0.7, 'short_window': 25, 'volatility_cap': 0.12}",,,,,,1
0.00038496653238932293,7.2481687962025665e-06,0.0021800994873046875,5.0159023259947325e-05,1.8,0.3,50,0.8,15,0.1,"{'entry_z': 1.8, 'exit_z': 0.3, 'long_window': 50, 'max_position_pct': 0.8, 'short_window': 15, 'volatility_cap': 0.1}",,,,,,1
0.0009148915608723959,0.00044303374355116916,0.002917607625325521,0.0003986211450293951,1.8,0.3,50,0.8,15,0.12,"{'entry_z': 1.8, 'exit_z': 0.3, 'long_window': 50, 'max_position_pct': 0.8, 'short_window': 15, 'volatility_cap': 0.12}",,,,,,1
0.0005662441253662109,0.000242719559526276,0.0021343231201171875,0.0004414844325128531,1.8,0.3,50,0.8,20,0.1,"{'entry_z': 1.8, 'exit_z': 0.3, 'long_window': 50, 'max_position_pct': 0.8, 'short_window': 20, 'volatility_cap': 0.1}",,,,,,1
0.0003910064697265625,0.00011315869207930417,0.0023384888966878257,0.000675603412553509,1.8,0.3,50,0.8,20,0.12,"{'entry_z': 1.8, 'exit_z': 0.3, 'long_window': 50, 'max_position_pct': 0.8, 'short_window': 20, 'volatility_cap': 0.12}",,,,,,1
0.0003371238708496094,0.00011616360622906843,0.002716700236002604,0.0007997124563548211,1.8,0.3,50,0.8,25,0.1,"{'entry_z': 1.8, 'exit_z': 0.3, 'long_window': 50, 'max_position_pct': 0.8, 'short_window': 25, 'volatility_cap': 0.1}",,,,,,1
0.0004158814748128255,9.627355476149005e-05,0.002817233403523763,0.0015415835386451894,1.8,0.3,50,0.8,25,0.12,"{'entry_z': 1.8, 'exit_z': 0.3, 'long_window': 50, 'max_position_pct': 0.8, 'short_window': 25, 'volatility_cap': 0.12}",,,,,,1
0.00033656756083170575,2.7350905361232403e-05,0.002766768137613932,0.0010466353011702705,1.8,0.3,60,0.7,15,0.1,"{'entry_z': 1.8, 'exit_z': 0.3, 'long_window': 60, 'max_position_pct': 0.7, 'short_window': 15, 'volatility_cap': 0.1}",,,,,,1
0.0004048347473144531,8.590813956997409e-05,0.005665222803751628,0.002307245343052802,1.8,0.3,60,0.7,15,0.12,"{'entry_z': 1.8, 'exit_z': 0.3, 'long_window': 60, 'max_position_pct': 0.7, 'short_window': 15, 'volatility_cap': 0.12}",,,,,,1
0.0007008711496988932,0.0003540348298044337,0.006737152735392253,0.00566874523383272,1.8,0.3,60,0.7,20,0.1,"{'entry_z': 1.8, 'exit_z': 0.3, 'long_window': 60, 'max_position_pct': 0.7, 'short_window': 20, 'volatility_cap': 0.1}",,,,,,1
0.0002848307291666667,4.817169887204868e-05,0.004513343175252278,0.0027780977282075604,1.8,0.3,60,0.7,20,0.12,"{'entry_z': 1.8, 'exit_z': 0.3, 'long_window': 60, 'max_position_pct': 0.7, 'short_window': 20, 'volatility_cap': 0.12}",,,,,,1
0.0003331502278645833,2.4244042214358826e-05,0.00287628173828125,0.0014051121235932927,1.8,0.3,60,0.7,25,0.1,"{'entry_z': 1.8, 'exit_z': 0.3, 'long_window': 60, 'max_position_pct': 0.7, 'short_window': 25, 'volatility_cap': 0.1}",,,,,,1
0.00047397613525390625,0.00016238294853909702,0.006944020589192708,0.005132909605804615,1.8,0.3,60,0.7,25,0.12,"{'entry_z': 1.8, 'exit_z': 0.3, 'long_window': 60, 'max_position_pct': 0.7, 'short_window': 25, 'volatility_cap': 0.12}",,,,,,1
0.00034681955973307293,4.500423915026252e-05,0.008556683858235678,0.004135740783657124,1.8,0.3,60,0.8,15,0.1,"{'entry_z': 1.8, 'exit_z': 0.3, 'long_window': 60, 'max_position_pct': 0.8, 'short_window': 15, 'volatility_cap': 0.1}",,,,,,1
0.0004418690999348958,0.00011510743210306513,0.014102617899576822,0.005541197168615112,1.8,0.3,60,0.8,15,0.12,"{'entry_z': 1.8, 'exit_z': 0.3, 'long_window': 60, 'max_position_pct': 0.8, 'short_window': 15, 'volatility_cap': 0.12}",,,,,,1
0.0003598531087239583,6.714050439178447e-05,0.008440335591634115,0.004728958219022501,1.8,0.3,60,0.8,20,0.1,"{'entry_z': 1.8, 'exit_z': 0.3, 'long_window': 60, 'max_position_pct': 0.8, 'short_window': 20, 'volatility_cap': 0.1}",,,,,,1
0.0005213419596354166,0.00016753689368109796,0.009939750035603842,0.0034379478205937143,1.8,0.3,60,0.8,20,0.12,"{'entry_z': 1.8, 'exit_z': 0.3, 'long_window': 60, 'max_position_pct': 0.8, 'short_window': 20, 'volatility_cap': 0.12}",,,,,,1
0.00044417381286621094,0.00017714527167757437,0.013661464055379232,0.00627764963148973,1.8,0.3,60,0.8,25,0.1,"{'entry_z': 1.8, 'exit_z': 0.3, 'long_window': 60, 'max_position_pct': 0.8, 'short_window': 25, 'volatility_cap': 0.1}",,,,,,1
0.0006565252939860026,0.00018505975094102882,0.008592764536539713,0.007276020266023361,1.8,0.3,60,0.8,25,0.12,"{'entry_z': 1.8, 'exit_z': 0.3, 'long_window': 60, 'max_position_pct': 0.8, 'short_window': 25, 'volatility_cap': 0.12}",,,,,,1
0.0004711151123046875,0.000197744605223159,0.009853998819986979,0.001821497060052429,1.8,0.4,40,0.7,15,0.1,"{'entry_z': 1.8, 'exit_z': 0.4, 'long_window': 40, 'max_position_pct': 0.7, 'short_window': 15, 'volatility_cap': 0.1}",,,,,,1
0.00047739346822102863,9.61483007484617e-05,0.009781122207641602,0.005075001265544106,1.8,0.4,40,0.7,15,0.12,"{'entry_z': 1.8, 'exit_z': 0.4, 'long_window': 40, 'max_position_pct': 0.7, 'short_window': 15, 'volatility_cap': 0.12}",,,,,,1
0.00033593177795410156,3.646219653187602e-05,0.005443096160888672,0.0032316009001285076,1.8,0.4,40,0.7,20,0.1,"{'entry_z': 1.8, 'exit_z': 0.4, 'long_window': 40, 'max_position_pct': 0.7, 'short_window': 20, 'volatility_cap': 0.1}",,,,,,1
0.0003047784169514974,2.8561400318192156e-05,0.00672610600789388,0.0014373976787754085,1.8,0.4,40,0.7,20,0.12,"{'entry_z': 1.8, 'exit_z': 0.4, 'long_window': 40, 'max_position_pct': 0.7, 'short_window': 20, 'volatility_cap': 0.12}",,,,,,1
0.00036986668904622394,7.707433468883067e-05,0.008692344029744467,0.007899525150790117,1.8,0.4,40,0.7,25,0.1,"{'entry_z': 1.8, 'exit_z': 0.4, 'long_window': 40, 'max_position_pct': 0.7, 'short_window': 25, 'volatility_cap': 0.1}",,,,,,1
0.00044496854146321613,0.00020463411072778245,0.0068162282307942705,0.0022451721705572165,1.8,0.4,40,0.7,25,0.12,"{'entry_z': 1.8, 'exit_z': 0.4, 'long_window': 40, 'max_position_pct': 0.7, 'short_window': 25, 'volatility_cap': 0.12}",,,,,,1
0.00036724408467610675,4.721664451855668e-05,0.008679072062174479,0.004389612011774799,1.8,0.4,40,0.8,15,0.1,"{'entry_z': 1.8, 'exit_z': 0.4, 'long_window': 40, 'max_position_pct': 0.8, 'short_window': 15, 'volatility_cap': 0.1}",,,,,,1
0.00042478243509928387,0.00016491505013036225,0.006927092870076497,0.0021840674883513707,1.8,0.4,40,0.8,15,0.12,"{'entry_z': 1.8, 'exit_z': 0.4, 'long_window': 40, 'max_position_pct': 0.8, 'short_window': 15, 'volatility_cap': 0.12}",,,,,,1
0.0004405975341796875,7.169095100032774e-05,0.011893908182779947,0.006005907111696465,1.8,0.4,40,0.8,20,0.1,"{'entry_z': 1.8, 'exit_z': 0.4, 'long_window': 40, 'max_position_pct': 0.8, 'short_window': 20, 'volatility_cap': 0.1}",,,,,,1
0.0003848870595296224,6.702639407355422e-05,0.013496001561482748,0.005717448600839321,1.8,0.4,40,0.8,20,0.12,"{'entry_z': 1.8, 'exit_z': 0.4, 'long_window': 40, 'max_position_pct': 0.8, 'short_window': 20, 'volatility_cap': 0.12}",,,,,,1
0.0004382928212483724,0.00016805182158384472,0.007271687189737956,0.006385405817309249,1.8,0.4,40,0.8,25,0.1,"{'entry_z': 1.8, 'exit_z': 0.4, 'long_window': 40, 'max_position_pct': 0.8, 'short_window': 25, 'volatility_cap': 0.1}",,,,,,1
0.00054931640625,0.0003599051449415399,0.011487801869710287,0.0062493882842286136,1.8,0.4,40,0.8,25,0.12,"{'entry_z': 1.8, 'exit_z': 0.4, 'long_window': 40, 'max_position_pct': 0.8, 'short_window': 25, 'volatility_cap': 0.12}",,,,,,1
0.00036946932474772137,5.052761671573888e-05,0.010836919148763021,0.0072397270326800545,1.8,0.4,50,0.7,15,0.1,"{'entry_z': 1.8, 'exit_z': 0.4, 'long_window': 50, 'max_position_pct': 0.7, 'short_window': 15, 'volatility_cap': 0.1}",,,,,,1
0.0006515185038248698,0.00019205849380566497,0.006023883819580078,0.0022669312925914942,1.8,0.4,50,0.7,15,0.12,"{'entry_z': 1.8, 'exit_z': 0.4, 'long_window': 50, 'max_position_pct': 0.7, 'short_window': 15, 'volatility_cap': 0.12}",,,,,,1
0.00034928321838378906,4.083575070573166e-05,0.005703051884969075,0.001140367226764562,1.8,0.4,50,0.7,20,0.1,"{'entry_z': 1.8, 'exit_z': 0.4, 'long_window': 50, 'max_position_pct': 0.7, 'short_window': 20, 'volatility_cap': 0.1}",,,,,,1
0.0005408922831217448,0.00027203454236512605,0.008173227310180664,0.005483734651565557,1.8,0.4,50,0.7,20,0.12,"{'entry_z': 1.8, 'exit_z': 0.4, 'long_window': 50, 'max_position_pct': 0.7, 'short_window': 20, 'volatility_cap': 0.12}",,,,,,1
0.0003266334533691406,9.62933651474115e-05,0.004419167836507161,0.0016664959588230741,1.8,0.4,50,0.7,25,0.1,"{'entry_z': 1.8, 'exit_z': 0.4, 'long_window': 50, 'max_position_pct': 0.7, 'short_window': 25, 'volatility_cap': 0.1}",,,,,,1
0.00037678082784016925,0.00011223773901540412,0.004209359486897786,0.0011635037934446992,1.8,0.4,50,0.7,25,0.12,"{'entry_z': 1.8, 'exit_z': 0.4, 'long_window': 50, 'max_position_pct': 0.7, 'short_window': 25, 'volatility_cap': 0.12}",,,,,,1
0.00033346811930338543,5.4058254687812706e-05,0.002477248509724935,0.0012887317409759943,1.8,0.4,50,0.8,15,0.1,"{'entry_z': 1.8, 'exit_z': 0.4, 'long_window': 50, 'max_position_pct': 0.8, 'short_window': 15, 'volatility_cap': 0.1}",,,,,,1
0.00037797292073567707,9.35657168082896e-05,0.007033586502075195,0.006060812312018035,1.8,0.4,50,0.8,15,0.12,"{'entry_z': 1.8, 'exit_z': 0.4, 'long_window': 50, 'max_position_pct': 0.8, 'short_window': 15, 'volatility_cap': 0.12}",,,,,,1
0.000322421391805013,3.346043349619566e-05,0.007208665211995442,0.004545547698040127,1.8,0.4,50,0.8,20,0.1,"{'entry_z': 1.8, 'exit_z': 0.4, 'long_window': 50, 'max_position_pct': 0.8, 'short_window': 20, 'volatility_cap': 0.1}",,,,,,1
0.0005365212758382162,0.00025061186350844935,0.004422664642333984,0.003981590061606518,1.8,0.4,50,0.8,20,0.12,"{'entry_z': 1.8, 'exit_z': 0.4, 'long_window': 50, 'max_position_pct': 0.8, 'short_window': 20, 'volatility_cap': 0.12}",,,,,,1
0.00031797091166178387,5.817554468690619e-05,0.003419637680053711,0.003311648705232467,1.8,0.4,50,0.8,25,0.1,"{'entry_z': 1.8, 'exit_z': 0.4, 'long_window': 50, 'max_position_pct': 0.8, 'short_window': 25, 'volatility_cap': 0.1}",,,,,,1
0.0004379749298095703,9.65028957825436e-05,0.0016930103302001953,0.00020536528146829336,1.8,0.4,50,0.8,25,0.12,"{'entry_z': 1.8, 'exit_z': 0.4, 'long_window': 50, 'max_position_pct': 0.8, 'short_window': 25, 'volatility_cap': 0.12}",,,,,,1
0.00030652681986490887,3.81580641304583e-05,0.0023540655771891275,0.00113089175098127,1.8,0.4,60,0.7,15,0.1,"{'entry_z': 1.8, 'exit_z': 0.4, 'long_window': 60, 'max_position_pct': 0.7, 'short_window': 15, 'volatility_cap': 0.1}",,,,,,1
0.00027553240458170575,5.792028686553142e-05,0.0033876895904541016,0.0016504480403319243,1.8,0.4,60,0.7,15,0.12,"{'entry_z': 1.8, 'exit_z': 0.4, 'long_window': 60, 'max_position_pct': 0.7, 'short_window': 15, 'volatility_cap': 0.12}",,,,,,1
0.000333865483601888,6.821614378937032e-05,0.001994609832763672,0.0006407859666435087,1.8,0.4,60,0.7,20,0.1,"{'entry_z': 1.8, 'exit_z': 0.4, 'long_window': 60, 'max_position_pct': 0.7, 'short_window': 20, 'volatility_cap': 0.1}",,,,,,1
0.00037137667338053387,0.00013578816625387088,0.0021875699361165366,0.0008859878275365948,1.8,0.4,60,0.7,20,0.12,"{'entry_z': 1.8, 'exit_z': 0.4, 'long_window': 60, 'max_position_pct': 0.7, 'short_window': 20, 'volatility_cap': 0.12}",,,,,,1
0.0003209114074707031,7.611666387580035e-05,0.0020308494567871094,0.00042480883354231887,1.8,0.4,60,0.7,25,0.1,"{'entry_z': 1.8, 'exit_z': 0.4, 'long_window': 60, 'max_position_pct': 0.7, 'short_window': 25, 'volatility_cap': 0.1}",,,,,,1
0.0003293355305989583,2.3473705261312218e-05,0.002060095469156901,0.00021924247391397726,1.8,0.4,60,0.7,25,0.12,"{'entry_z': 1.8, 'exit_z': 0.4, 'long_window': 60, 'max_position_pct': 0.7, 'short_window': 25, 'volatility_cap': 0.12}",,,,,,1
0.00030382474263509113,3.690091845571363e-05,0.001965761184692383,0.0008598489507377367,1.8,0.4,60,0.8,15,0.1,"{'entry_z': 1.8, 'exit_z': 0.4, 'long_window': 60, 'max_position_pct': 0.8, 'short_window': 15, 'volatility_cap': 0.1}",,,,,,1
0.0005617141723632812,0.00029806658111534057,0.0019528865814208984,0.0008289331132819602,1.8,0.4,60,0.8,15,0.12,"{'entry_z': 1.8, 'exit_z': 0.4, 'long_window': 60, 'max_position_pct': 0.8, 'short_window': 15, 'volatility_cap': 0.12}",,,,,,1
0.00031248728434244793,3.9557531094232626e-05,0.0016744136810302734,0.0003911505119825505,1.8,0.4,60,0.8,20,0.1,"{'entry_z': 1.8, 'exit_z': 0.4, 'long_window': 60, 'max_position_pct': 0.8, 'short_window': 20, 'volatility_cap': 0.1}",,,,,,1
0.0006321271260579427,0.00045306093733130006,0.00223390261332194,0.0009046078120657637,1.8,0.4,60,0.8,20,0.12,"{'entry_z': 1.8, 'exit_z': 0.4, 'long_window': 60, 'max_position_pct': 0.8, 'short_window': 20, 'volatility_cap': 0.12}",,,,,,1
0.00034387906392415363,1.389161945552117e-05,0.0021895567576090493,0.0007757772335860836,1.8,0.4,60,0.8,25,0.1,"{'entry_z': 1.8, 'exit_z': 0.4, 'long_window': 60, 'max_position_pct': 0.8, 'short_window': 25, 'volatility_cap': 0.1}",,,,,,1
0.00041596094767252606,0.0001947781379908343,0.001956939697265625,0.0002931922365035138,1.8,0.4,60,0.8,25,0.12,"{'entry_z': 1.8, 'exit_z': 0.4, 'long_window': 60, 'max_position_pct': 0.8, 'short_window': 25, 'volatility_cap': 0.12}",,,,,,1
0.00030223528544108075,2.5600378038681392e-05,0.0018341541290283203,0.0007425419729594167,1.8,0.5,40,0.7,15,0.1,"{'entry_z': 1.8, 'exit_z': 0.5, 'long_window': 40, 'max_position_pct': 0.7, 'short_window': 15, 'volatility_cap': 0.1}",,,,,,1
0.0003162225087483724,4.706994392393393e-05,0.002042055130004883,0.0008961554252047209,1.8,0.5,40,0.7,15,0.12,"{'entry_z': 1.8, 'exit_z': 0.5, 'long_window': 40, 'max_position_pct': 0.7, 'short_window': 15, 'volatility_cap': 0.12}",,,,,,1
0.000436862309773763,0.0002027917231533059,0.002076228459676107,0.00047579430082323,1.8,0.5,40,0.7,20,0.1,"{'entry_z': 1.8, 'exit_z': 0.5, 'long_window': 40, 'max_position_pct': 0.7, 'short_window': 20, 'volatility_cap': 0.1}",,,,,,1
0.0005473295847574869,0.00021694381818904517,0.0024547576904296875,0.000676492485578476,1.8,0.5,40,0.7,20,0.12,"{'entry_z': 1.8, 'exit_z': 0.5, 'long_window': 40, 'max_position_pct': 0.7, 'short_window': 20, 'volatility_cap': 0.12}",,,,,,1
0.00035254160563151043,4.5400779629747593e-05,0.0013768672943115234,8.733369425094802e-05,1.8,0.5,40,0.7,25,0.1,"{'entry_z': 1.8, 'exit_z': 0.5, 'long_window': 40, 'max_position_pct': 0.7, 'short_window': 25, 'volatility_cap': 0.1}",,,,,,1
0.0003510316212972005,0.00013527704807179524,0.0013401508331298828,0.0002753783097603656,1.8,0.5,40,0.7,25,0.12,"{'entry_z': 1.8, 'exit_z': 0.5, 'long_window': 40, 'max_position_pct': 0.7, 'short_window': 25, 'volatility_cap': 0.12}",,,,,,1
0.00042621294657389325,0.0001886807874018808,0.0016067822774251301,0.0003742247937923531,1.8,0.5,40,0.8,15,0.1,"{'entry_z': 1.8, 'exit_z': 0.5, 'long_window': 40, 'max_position_pct': 0.8, 'short_window': 15, 'volatility_cap': 0.1}",,,,,,1
0.000330050786336263,2.065163082609249e-05,0.0017328262329101562,0.0003357820772933526,1.8,0.5,40,0.8,15,0.12,"{'entry_z': 1.8, 'exit_z': 0.5, 'long_window': 40, 'max_position_pct': 0.8, 'short_window': 15, 'volatility_cap': 0.12}",,,,,,1
0.0004367828369140625,0.00018924889284634253,0.0015753110249837239,0.00014249698713886288,1.8,0.5,40,0.8,20,0.1,"{'entry_z': 1.8, 'exit_z': 0.5, 'long_window': 40, 'max_position_pct': 0.8, 'short_window': 20, 'volatility_cap': 0.1}",,,,,,1
0.0003638267517089844,7.716540486591083e-05,0.001371304194132487,0.0002761907705500543,1.8,0.5,40,0.8,20,0.12,"{'entry_z': 1.8, 'exit_z': 0.5, 'long_window': 40, 'max_position_pct': 0.8, 'short_window': 20, 'volatility_cap': 0.12}",,,,,,1
0.00039704640706380207,7.99733140315467e-05,0.003146648406982422,0.0005921284651568655,1.8,0.5,40,0.8,25,0.1,"{'entry_z': 1.8, 'exit_z': 0.5, 'long_window': 40, 'max_position_pct': 0.8, 'short_window': 25, 'volatility_cap': 0.1}",,,,,,1
0.00031280517578125,4.0040600409619276e-05,0.0013153553009033203,9.755894816579344e-05,1.8,0.5,40,0.8,25,0.12,"{'entry_z': 1.8, 'exit_z': 0.5, 'long_window': 40, 'max_position_pct': 0.8, 'short_window': 25, 'volatility_cap': 0.12}",,,,,,1
0.0005554358164469401,0.0002400490586799386,0.0016233126322428386,0.000575319933409137,1.8,0.5,50,0.7,15,0.1,"{'entry_z': 1.8, 'exit_z': 0.5, 'long_window': 50, 'max_position_pct': 0.7, 'short_window': 15, 'volatility_cap': 0.1}",,,,,,1
0.0004220008850097656,0.00013853836007926193,0.0018146832784016926,0.0003893624481587967,1.8,0.5,50,0.7,15,0.12,"{'entry_z': 1.8, 'exit_z': 0.5, 'long_window': 50, 'max_position_pct': 0.7, 'short_window': 15, 'volatility_cap': 0.12}",,,,,,1
0.0003406206766764323,2.3468054231378872e-06,0.0016470750172932942,0.00047485549078023627,1.8,0.5,50,0.7,20,0.1,"{'entry_z': 1.8, 'exit_z': 0.5, 'long_window': 50, 'max_position_pct': 0.7, 'short_window': 20, 'volatility_cap': 0.1}",,,,,,1
0.0004676977793375651,0.000294324192486554,0.001967748006184896,0.0006879725352351014,1.8,0.5,50,0.7,20,0.12,"{'entry_z': 1.8, 'exit_z': 0.5, 'long_window': 50, 'max_position_pct': 0.7, 'short_window': 20, 'volatility_cap': 0.12}",,,,,,1
0.00045863787333170575,0.00011121135648841307,0.0017437140146891277,0.0003152960086916885,1.8,0.5,50,0.7,25,0.1,"{'entry_z': 1.8, 'exit_z': 0.5, 'long_window': 50, 'max_position_pct': 0.7, 'short_window': 25, 'volatility_cap': 0.1}",,,,,,1
0.00039569536844889325,3.5535478525797584e-05,0.0014537970225016277,0.00027937621023314173,1.8,0.5,50,0.7,25,0.12,"{'entry_z': 1.8, 'exit_z': 0.5, 'long_window': 50, 'max_position_pct': 0.7, 'short_window': 25, 'volatility_cap': 0.12}",,,,,,1
0.00034435590108235675,3.424404280100049e-05,0.001986900965372721,0.0008794896182352729,1.8,0.5,50,0.8,15,0.1,"{'entry_z': 1.8, 'exit_z': 0.5, 'long_window': 50, 'max_position_pct': 0.8, 'short_window': 15, 'volatility_cap': 0.1}",,,,,,1
0.00047588348388671875,0.00013192643122623388,0.002010981241861979,0.0004895735479275016,1.8,0.5,50,0.8,15,0.12,"{'entry_z': 1.8, 'exit_z': 0.5, 'long_window': 50, 'max_position_pct': 0.8, 'short_window': 15, 'volatility_cap': 0.12}",,,,,,1
0.0003472169240315755,9.007497532361265e-05,0.0019297599792480469,0.0006177665393416377,1.8,0.5,50,0.8,20,0.1,"{'entry_z': 1.8, 'exit_z': 0.5, 'long_window': 50, 'max_position_pct': 0.8, 'short_window': 20, 'volatility_cap': 0.1}",,,,,,1
0.0004344781239827474,6.028748488559564e-05,0.0019556681315104165,0.00016605922020758316,1.8,0.5,50,0.8,20,0.12,"{'entry_z': 1.8, 'exit_z': 0.5, 'long_window': 50, 'max_position_pct': 0.8, 'short_window': 20, 'volatility_cap': 0.12}",,,,,,1
0.00040658315022786457,2.9480039264347405e-05,0.0018218358357747395,0.00059588405728203,1.8,0.5,50,0.8,25,0.1,"{'entry_z': 1.8, 'exit_z': 0.5, 'long_window': 50, 'max_position_pct': 0.8, 'short_window': 25, 'volatility_cap': 0.1}",,,,,,1
0.00083160400390625,0.00074377291150318,0.0019899209340413413,0.0001276066385027169,1.8,0.5,50,0.8,25,0.12,"{'entry_z': 1.8, 'exit_z': 0.5, 'long_window': 50, 'max_position_pct': 0.8, 'short_window': 25, 'volatility_cap': 0.12}",,,,,,1
0.00038059552510579425,3.479622757722551e-05,0.002117315928141276,0.00020461114622970076,1.8,0.5,60,0.7,15,0.1,"{'entry_z': 1.8, 'exit_z': 0.5, 'long_window': 60, 'max_position_pct': 0.7, 'short_window': 15, 'volatility_cap': 0.1}",,,,,,1
0.00035007794698079425,2.1804838619504985e-05,0.0024503072102864585,0.001194280942251937,1.8,0.5,60,0.7,15,0.12,"{'entry_z': 1.8, 'exit_z': 0.5, 'long_window': 60, 'max_position_pct': 0.7, 'short_window': 15, 'volatility_cap': 0.12}",,,,,,1
0.0007380644480387369,0.00044018709160212436,0.0024471282958984375,0.0006664532698987515,1.8,0.5,60,0.7,20,0.1,"{'entry_z': 1.8, 'exit_z': 0.5, 'long_window': 60, 'max_position_pct': 0.7, 'short_window': 20, 'volatility_cap': 0.1}",,,,,,1
0.00040761629740397137,8.258977728942925e-05,0.002324978510538737,0.0004275497448333037,1.8,0.5,60,0.7,20,0.12,"{'entry_z': 1.8, 'exit_z': 0.5, 'long_window': 60, 'max_position_pct': 0.7, 'short_window': 20, 'volatility_cap': 0.12}",,,,,,1
0.00046324729919433594,0.0002462441133299463,0.0026652018229166665,0.0008643947777767759,1.8,0.5,60,0.7,25,0.1,"{'entry_z': 1.8, 'exit_z': 0.5, 'long_window': 60, 'max_position_pct': 0.7, 'short_window': 25, 'volatility_cap': 0.1}",,,,,,1
0.0004516442616780599,8.255214371689817e-05,0.00332029660542806,0.0003927749735166621,1.8,0.5,60,0.7,25,0.12,"{'entry_z': 1.8, 'exit_z': 0.5, 'long_window': 60, 'max_position_pct': 0.7, 'short_window': 25, 'volatility_cap': 0.12}",,,,,,1
0.00034578641255696613,7.952283241779259e-05,0.002118825912475586,0.00035988924529692953,1.8,0.5,60,0.8,15,0.1,"{'entry_z': 1.8, 'exit_z': 0.5, 'long_window': 60, 'max_position_pct': 0.8, 'short_window': 15, 'volatility_cap': 0.1}",,,,,,1
0.00038282076517740887,0.00010560092113227127,0.0022382736206054688,0.00038676378205816295,1.8,0.5,60,0.8,15,0.12,"{'entry_z': 1.8, 'exit_z': 0.5, 'long_window': 60, 'max_position_pct': 0.8, 'short_window': 15, 'volatility_cap': 0.12}",,,,,,1
0.00043241182963053387,0.00021604831020534653,0.0018339157104492188,0.00037250581669009703,1.8,0.5,60,0.8,20,0.1,"{'entry_z': 1.8, 'exit_z': 0.5, 'long_window': 60, 'max_position_pct': 0.8, 'short_window': 20, 'volatility_cap': 0.1}",,,,,,1
0.0003218650817871094,0.00012054096918117456,0.0016651153564453125,0.00021632129933014545,1.8,0.5,60,0.8,20,0.12,"{'entry_z': 1.8, 'exit_z': 0.5, 'long_window': 60, 'max_position_pct': 0.8, 'short_window': 20, 'volatility_cap': 0.12}",,,,,,1
0.00027982393900553387,3.827309290221142e-05,0.0016086101531982422,0.0002831578399405685,1.8,0.5,60,0.8,25,0.1,"{'entry_z': 1.8, 'exit_z': 0.5, 'long_window': 60, 'max_position_pct': 0.8, 'short_window': 25, 'volatility_cap': 0.1}",,,,,,1
0.0003848870595296224,9.407727115780232e-05,0.0016651153564453125,0.00015089705058590167,1.8,0.5,60,0.8,25,0.12,"{'entry_z': 1.8, 'exit_z': 0.5, 'long_window': 60, 'max_position_pct': 0.8, 'short_window': 25, 'volatility_cap': 0.12}",,,,,,1
